Question,Answer,Tags
1.1.1,N/A,gate1992  algorithms  descriptive  algorithm-design
1.1.2,N/A,gate1994  algorithms  normal  algorithm-design  fill-in-the-blanks
1.1.3,B,gatecse-2006  algorithms  normal  algorithm-design
1.1.4,C,gatecse-2006  algorithms  normal  algorithm-design  time-complexity
1.1.5,12,gatecse-2014-set1  algorithms  numerical-answers  normal  algorithm-design
1.1.6,29,gatecse-2019  numerical-answers  algorithms  algorithm-design  1-mark
1.1.7,A;C,gatecse-2021-set1  multiple-selects  algorithms  algorithm-design  2-marks
1.1.8,B,gatecse2024-set2  algorithms  algorithm-design
1.2.1,N/A,gate1990  descriptive  algorithms  algorithm-design-technique
1.2.2,N/A,gate1990  match-the-following  algorithms  algorithm-design-technique  easy
1.2.3,C,gate1994  algorithms  algorithm-design-technique  quick-sort  easy  isro2016
1.2.4,A,gate1995  algorithms  sorting  easy  algorithm-design-technique  merge-sort
1.2.5,B,gate1997  algorithms  normal  algorithm-design-technique  easy  match-the-following
1.2.6,A,gate1998  algorithms  algorithm-design-technique  easy  isro2008
1.2.7,C,gatecse-2015-set1  algorithms  normal  match-the-following  algorithm-design-technique
1.2.8,C,gatecse-2015-set2  algorithms  easy  algorithm-design-technique  match-the-following
1.2.9,C,gatecse-2017-set1  algorithms  algorithm-design-technique  easy  match-the-following
1.3.1,A;B,gate1994  algorithms  asymptotic-notation  normal  multiple-selects
1.3.2,B,gate1996  algorithms  asymptotic-notation  normal
1.3.3,X,gate1999  algorithms  recurrence-relation  asymptotic-notation  normal  match-the-following
1.3.4,D,gatecse-2000  algorithms  asymptotic-notation  normal
1.3.5,B,gatecse-2001  algorithms  asymptotic-notation  time-complexity  normal
1.3.6,A,gatecse-2003  algorithms  asymptotic-notation  normal
1.3.7,C,gatecse-2004  algorithms  sorting  asymptotic-notation  easy
1.3.8,C,gatecse-2005  algorithms  asymptotic-notation  recurrence-relation  normal
1.3.9,D,gatecse-2008  algorithms  asymptotic-notation  normal
1.3.10,A,gatecse-2011  algorithms  asymptotic-notation  normal
1.3.11,C,
1.3.12,C,gatecse-2015-set3  algorithms  asymptotic-notation  normal
1.3.13,D,gatecse-2015-set3  algorithms  asymptotic-notation  normal
1.3.14,B,gatecse-2017-set1  algorithms  asymptotic-notation  normal
1.3.15,D,gatecse-2021-set1  algorithms  asymptotic-notation  1-mark
1.3.16,A,gatecse-2022  algorithms  asymptotic-notation  1-mark
1.3.17,A;C,gatecse-2023  algorithms  asymptotic-notation  multiple-selects  1-mark
1.3.18,A;D,gatecse-2023  algorithms  asymptotic-notation  multiple-selects  2-marks
1.3.19,A,gatecse2024-set2  algorithms  recurrence-relation  asymptotic-notation
1.3.20,D,gateit-2004  algorithms  asymptotic-notation  normal
1.3.21,A,gateit-2008  algorithms  asymptotic-notation  normal
1.4.1,B,gatecse-2009  algorithms  graph-algorithms  normal  bellman-ford
1.4.2,C,gatecse-2013  algorithms  graph-algorithms  normal  bellman-ford
1.5.1,B,gatecse-2021-set2  algorithms  binary-search  time-complexity  1-mark
1.5.2,A,gate-ds-ai-2024  algorithms  binary-search
1.6.1,N/A,gate1996  algorithms  graph-algorithms  normal  dijkstras-algorithm  descriptive
1.6.2,B,gatecse-2004  algorithms  graph-algorithms  normal  dijkstras-algorithm
1.6.3,D,gatecse-2005  algorithms  graph-algorithms  normal  dijkstras-algorithm
1.6.4,A,gatecse-2006  algorithms  graph-algorithms  easy  dijkstras-algorithm
1.6.5,D,gatecse-2008  algorithms  graph-algorithms  normal  dijkstras-algorithm
1.6.6,D,gatecse-2012  algorithms  graph-algorithms  normal  dijkstras-algorithm
1.7.1,B,gatecse-2008  algorithms  normal  dynamic-programming
1.7.2,C,gatecse-2008  algorithms  normal  dynamic-programming
1.7.3,C,gatecse-2009  algorithms  normal  dynamic-programming  recursion
1.7.4,B,gatecse-2009  normal  algorithms  dynamic-programming  recursion
1.7.5,B,gatecse-2010  algorithms  dynamic-programming  normal
1.7.6,A,gatecse-2011  algorithms  easy  dynamic-programming
1.7.7,34,gatecse-2014-set2  algorithms  normal  numerical-answers  dynamic-programming
1.7.8,150,gatecse-2014-set3  algorithms  normal  numerical-answers  dynamic-programming
1.7.9,C,gatecse-2016-set2  algorithms  dynamic-programming  easy
1.8.1,B,gate1994  algorithms  normal  graph-algorithms
1.8.2,D,gatecse-2003  algorithms  graph-algorithms  normal
1.8.3,A,gatecse-2005  algorithms  graph-algorithms  normal
1.8.4,A,gatecse-2005  algorithms  graph-algorithms  normal
1.8.5,B,gatecse-2016-set2  algorithms  graph-algorithms  normal
1.8.6,A,gatecse-2017-set1  algorithms  graph-algorithms  normal
1.8.7,A;B,gatecse-2021-set2  multiple-selects  algorithms  graph-algorithms  2-marks
1.8.8,929 : 929,gatecse-2021-set2  algorithms  graph-algorithms  directed-acyclic-graph  numerical-answers  2-marks
1.8.9,A,gateit-2005  algorithms  graph-algorithms  match-the-following  easy
1.8.10,C,gateit-2005  algorithms  graph-algorithms  normal
1.8.11,D,gateit-2005  algorithms  graph-algorithms  normal
1.9.1,N/A,gate1989  descriptive  algorithms  graph-algorithms  depth-first-search  graph-search
1.9.2,C,gatecse-2000  algorithms  easy  graph-algorithms  graph-search  match-the-following
1.9.3,C,gatecse-2000  algorithms  graph-algorithms  normal  graph-search
1.9.4,C,gatecse-2001  algorithms  graph-algorithms  normal  graph-search
1.9.5,D,gatecse-2003  algorithms  graph-algorithms  normal  graph-search
1.9.6,D,gatecse-2006  algorithms  graph-algorithms  normal  graph-search
1.9.7,C,gatecse-2008  normal  algorithms  graph-algorithms  graph-search
1.9.8,C,gatecse-2014-set1  algorithms  graph-algorithms  normal  graph-search
1.9.9,B,gatecse-2014-set2  algorithms  graph-algorithms  normal  graph-search
1.9.10,19,gatecse-2014-set3  algorithms  graph-algorithms  numerical-answers  normal  graph-search
1.9.11,D,gatecse-2015-set1  algorithms  graph-algorithms  normal  graph-search
1.9.12,31,gatecse-2016-set2  algorithms  graph-algorithms  normal  numerical-answers  graph-search
1.9.13,D,gatecse-2017-set2  algorithms  graph-algorithms  graph-search
1.9.14,A,gatecse-2018  algorithms  graph-algorithms  graph-search  normal  2-marks
1.9.15,5040,gatecse-2023  algorithms  breadth-first-search  numerical-answers  2-marks  graph-search
1.9.16,C,gatecse2024-set1  algorithms  multiple-selects  graph-search
1.9.17,60,gatecse2024-set1  numerical-answers  graph-search  graph-algorithms
1.9.18,A,gate-ds-ai-2024  graph-search  depth-first-search  algorithms
1.9.19,D,gateit-2005  algorithms  graph-algorithms  normal  graph-search
1.9.20,D,gateit-2006  algorithms  graph-algorithms  normal  graph-search  depth-first-search
1.9.21,D,gateit-2007  algorithms  graph-algorithms  normal  graph-search  depth-first-search
1.9.22,B,gateit-2008  algorithms  graph-algorithms  normal  graph-search  depth-first-search
1.10.1,A,gate1999  algorithms  normal  greedy-algorithm
1.10.2,B,gatecse-2003  algorithms  normal  greedy-algorithm
1.10.3,D,gatecse-2005  algorithms  greedy-algorithm  process-scheduling  normal
1.10.4,A,gatecse-2005  algorithms  greedy-algorithm  process-scheduling  normal
1.10.5,16,
1.11.1,B,hashing  isro2015  gate1989  algorithms  normal
1.11.2,N/A,gate1990  hashing  algorithms  descriptive
1.11.3,13,gatecse-2020  numerical-answers  algorithms  hashing  1-mark
1.11.4,C,gatecse-2021-set1  multiple-selects  algorithms  hashing  2-marks
1.11.5,B,gatecse-2022  algorithms  hashing  uniform-hashing  1-mark
1.11.6,C,gatecse-2023  algorithms  hashing  1-mark
1.11.7,D,gateit-2005  algorithms  hashing  easy
1.12.1,2.33,descriptive  gate1989  algorithms  huffman-code
1.12.2,A,gatecse-2007  algorithms  greedy-algorithm  normal  huffman-code
1.12.3,D,gatecse-2007  algorithms  greedy-algorithm  normal  huffman-code
1.12.4,225,gatecse-2017-set2  huffman-code  numerical-answers  algorithms
1.12.5,B,gatecse-2021-set2  algorithms  huffman-code  2-marks
1.12.6,A,gateit-2006  algorithms  greedy-algorithm  normal  huffman-code
1.13.1,N/A,gate1989  descriptive  algorithms  identify-function
1.13.2,N/A,gate1990  descriptive  algorithms  identify-function
1.13.3,C,gate1991  algorithms  easy  identify-function  multiple-selects
1.13.4,A,gate1993  algorithms  identify-function  easy
1.13.5,N/A,gate1994  algorithms  identify-function  normal  descriptive
1.13.6,C,gate1995  algorithms  identify-function  easy
1.13.7,C,gate1995  algorithms  identify-function  normal
1.13.8,N/A,gate1995  algorithms  identify-function  normal  descriptive
1.13.9,C,gate1998  algorithms  recursion  identify-function  normal
1.13.10,D,gate1999  algorithms  identify-function  normal
1.13.11,A,gatecse-2000  algorithms  normal  identify-function
1.13.12,B,gatecse-2003  algorithms  identify-function  normal
1.13.13,D,gatecse-2003  algorithms  identify-function  normal
1.13.14,C,gatecse-2004  algorithms  normal  identify-function
1.13.15,C,gatecse-2004  algorithms  identify-function  normal
1.13.16,D,gatecse-2005  algorithms  identify-function  recursion  normal
1.13.17,D,gatecse-2006  algorithms  identify-function  normal
1.13.18,D,gatecse-2006  algorithms  identify-function  normal
1.13.19,B,gatecse-2009  algorithms  recursion  identify-function  normal
1.13.20,C,gatecse-2010  algorithms  recursion  identify-function  normal
1.13.21,B,gatecse-2011  algorithms  recursion  identify-function  normal
1.13.22,D,gatecse-2011  algorithms  recursion  identify-function  normal
1.13.23,B,gatecse-2013  algorithms  identify-function  normal
1.13.24,A,gatecse-2014-set1  algorithms  identify-function  normal
1.13.25,9,gatecse-2014-set2  algorithms  identify-function  numerical-answers  easy
1.13.26,A,gatecse-2014-set3  algorithms  identify-function  easy
1.13.27,D,gatecse-2015-set1  algorithms  normal  identify-function
1.13.28,51,gatecse-2015-set2  algorithms  identify-function  recurrence-relation  normal  numerical-answers
1.13.29,0,gatecse-2015-set3  algorithms  identify-function  normal  numerical-answers
1.13.30,D,gatecse-2019  algorithms  identify-function  2-marks
1.13.31,81,gatecse-2020  numerical-answers  identify-function  2-marks
1.13.32,1023 : 1023,gatecse-2021-set1  algorithms  numerical-answers  identify-function  2-marks
1.13.33,15 : 15,gatecse-2021-set2  numerical-answers  algorithms  identify-function  output  1-mark
1.13.34,D,gateit-2005  normal  identify-function
1.13.35,C,gateit-2005  algorithms  identify-function  normal
1.13.36,C,gateit-2006  algorithms  identify-function  normal
1.13.37,D,gateit-2008  algorithms  recursion  identify-function  normal
1.13.38,C,gateit-2008  algorithms  recursion  identify-function  normal
1.14.1,A,gatecse-2003  algorithms  sorting  time-complexity  normal  insertion-sort
1.14.2,D,gatecse-2003  algorithms  sorting  normal  insertion-sort
1.15.1,C,gatecse-2011  algorithms  dynamic-programming  normal  matrix-chain-ordering
1.15.2,1500,gatecse-2016-set2  dynamic-programming  algorithms  matrix-chain-ordering  normal  numerical-answers
1.15.3,C,gatecse-2018  algorithms  dynamic-programming  2-marks  matrix-chain-ordering
1.16.1,B,gate1999  algorithms  merge-sort  normal  isro2015  sorting
1.16.2,B,gatecse-2012  algorithms  sorting  normal  merge-sort
1.16.3,B,gatecse-2015-set3  algorithms  sorting  merge-sort
1.17.1,C,gate1995  algorithms  sorting  normal  merging
1.17.2,358,gatecse-2014-set2  algorithms  sorting  normal  numerical-answers  merging
1.18.1,B;D;E,gate1991  algorithms  graph-algorithms  minimum-spanning-tree  time-complexity  multiple-selects
1.18.2,N/A,gate1992  minimum-spanning-tree  algorithms  time-complexity  easy  fill-in-the-blanks
1.18.3,2,gate1995  algorithms  graph-algorithms  minimum-spanning-tree  easy  descriptive
1.18.4,N/A,gate1996  algorithms  graph-algorithms  minimum-spanning-tree  normal  descriptive
1.18.5,N/A,gate1997  algorithms  minimum-spanning-tree  normal  descriptive
1.18.6,C,gatecse-2000  algorithms  minimum-spanning-tree  normal
1.18.7,N/A,gatecse-2001  algorithms  minimum-spanning-tree  normal  descriptive
1.18.8,B,gatecse-2003  algorithms  minimum-spanning-tree  normal
1.18.9,C,gatecse-2005  algorithms  minimum-spanning-tree  normal
1.18.10,B,gatecse-2006  algorithms  minimum-spanning-tree  normal
1.18.11,D,gatecse-2006  algorithms  graph-algorithms  minimum-spanning-tree  normal
1.18.12,D,gatecse-2007  algorithms  minimum-spanning-tree  normal
1.18.13,D,gatecse-2009  algorithms  minimum-spanning-tree  normal
1.18.14,D,gatecse-2010  algorithms  minimum-spanning-tree  normal
1.18.15,B,gatecse-2010  normal  algorithms  minimum-spanning-tree
1.18.16,B,gatecse-2011  algorithms  graph-algorithms  minimum-spanning-tree  normal
1.18.17,C,gatecse-2011  algorithms  graph-algorithms  minimum-spanning-tree  normal
1.18.18,X,gatecse-2012  algorithms  minimum-spanning-tree  normal  marks-to-all
1.18.19,6,gatecse-2014-set2  algorithms  minimum-spanning-tree  numerical-answers  normal
1.18.20,69,gatecse-2015-set1  algorithms  minimum-spanning-tree  normal  numerical-answers
1.18.21,995,gatecse-2015-set3  algorithms  minimum-spanning-tree  easy  numerical-answers
1.18.22,A,gatecse-2016-set1  algorithms  minimum-spanning-tree  normal
1.18.23,7,gatecse-2016-set1  algorithms  minimum-spanning-tree  normal  numerical-answers
1.18.24,B,gatecse-2016-set1  algorithms  minimum-spanning-tree  normal
1.18.25,4,gatecse-2018  algorithms  graph-algorithms  minimum-spanning-tree  numerical-answers  2-marks
1.18.26,D,gatecse-2020  algorithms  minimum-spanning-tree  graph-algorithms  2-marks
1.18.27,99,gatecse-2020  numerical-answers  algorithms  graph-algorithms  2-marks  minimum-spanning-tree
1.18.28,3 : 3,gatecse-2021-set1  algorithms  graph-algorithms  minimum-spanning-tree  numerical-answers  1-mark
1.18.29,C,gatecse-2021-set2  algorithms  graph-algorithms  minimum-spanning-tree  1-mark
1.18.30,A;B;C,gatecse-2022  algorithms  minimum-spanning-tree  multiple-selects  2-marks
1.18.31,24,gatecse-2022  numerical-answers  algorithms  minimum-spanning-tree  2-marks
1.18.32,9,gatecse2024-set2  numerical-answers  algorithms  minimum-spanning-tree
1.18.33,A,gateit-2005  algorithms  minimum-spanning-tree  normal
1.19.1,D,gateit-2004  algorithms  graph-algorithms  normal  prims-algorithm
1.19.2,C,gateit-2008  algorithms  graph-algorithms  minimum-spanning-tree  normal  prims-algorithm
1.20.1,C,gate1987  algorithms  sorting  quick-sort
1.20.2,N/A,gate1989  descriptive  algorithms  sorting  quick-sort
1.20.3,N/A,gate1992  algorithms  sorting  easy  quick-sort  descriptive
1.20.4,C,gate1996  algorithms  sorting  normal  quick-sort
1.20.5,C,gatecse-2001  algorithms  sorting  time-complexity  easy  quick-sort
1.20.6,B,gatecse-2006  algorithms  sorting  easy  quick-sort
1.20.7,B,gatecse-2008  algorithms  sorting  easy  quick-sort
1.20.8,B,gatecse-2009  algorithms  sorting  normal  quick-sort
1.20.9,C,gatecse-2014-set1  algorithms  sorting  easy  quick-sort
1.20.10,A,gatecse-2014-set3  algorithms  sorting  easy  quick-sort
1.20.11,B,gatecse-2015-set1  algorithms  recurrence-relation  sorting  easy  quick-sort
1.20.12,A,gatecse-2015-set2  algorithms  normal  sorting  quick-sort
1.20.13,0.08,gatecse-2019  numerical-answers  algorithms  quick-sort  probability  1-mark
1.20.14,0,gate-ds-ai-2024  numerical-answers  algorithms  quick-sort
1.21.1,N/A,gate1987  algorithms  recurrence-relation  descriptive
1.21.2,N/A,gate1988  descriptive  algorithms  recurrence-relation
1.21.3,N/A,gate1989  descriptive  algorithms  recurrence-relation
1.21.4,N/A,gate1990  descriptive  algorithms  recurrence-relation
1.21.5,N/A,gate1992  algorithms  recurrence-relation  descriptive
1.21.6,N/A,gate1992  algorithms  recurrence-relation  descriptive
1.21.7,N/A,gate1993  algorithms  recurrence-relation  normal  descriptive
1.21.8,B,gate1994  algorithms  recurrence-relation  easy  isro2017
1.21.9,A,gate1996  algorithms  recurrence-relation  normal
1.21.10,N/A,gate1997  algorithms  recurrence-relation  descriptive
1.21.11,B,gate1997  algorithms  recurrence-relation  normal
1.21.12,N/A,
1.21.13,B,gatecse-2002  algorithms  recurrence-relation  normal
1.21.14,C,gatecse-2002  algorithms  recurrence-relation  normal
1.21.15,B,gatecse-2003  algorithms  time-complexity  recurrence-relation  difficult
1.21.16,D,gatecse-2004  algorithms  recurrence-relation  time-complexity  normal  isro2015
1.21.17,A,gatecse-2004  algorithms  recurrence-relation  normal
1.21.18,B,algorithms  recurrence-relation  isro2016  gatecse-2006
1.21.19,D,gatecse-2008  algorithms  recurrence-relation  normal
1.21.20,X,gatecse-2008  algorithms  recurrence-relation  normal
1.21.21,A,gatecse-2009  algorithms  recurrence-relation  time-complexity  normal
1.21.22,D,gatecse-2012  algorithms  easy  recurrence-relation
1.21.23,A,gatecse-2014-set2  algorithms  recurrence-relation  normal
1.21.24,A,gatecse-2015-set1  algorithms  recurrence-relation  normal
1.21.25,B,gatecse-2015-set3  algorithms  recurrence-relation  normal
1.21.26,2.32 : 2.33,gatecse-2016-set2  algorithms  time-complexity  recurrence-relation  normal  numerical-answers
1.21.27,B,gatecse-2017-set2  algorithms  recurrence-relation
1.21.28,A,gatecse-2020  algorithms  recurrence-relation  1-mark
1.21.29,C,gatecse-2021-set1  algorithms  recurrence-relation  time-complexity  2-marks
1.21.30,C,gatecse-2021-set2  algorithms  recurrence-relation  2-marks
1.21.31,A,gatecse2024-set1  algorithms  recurrence-relation
1.21.32,B,gateit-2004  algorithms  recurrence-relation  normal  match-the-following
1.21.33,C,gateit-2005  algorithms  recurrence-relation  easy
1.21.34,A,gateit-2008  algorithms  recurrence-relation  normal
1.22.1,C,gate1995  algorithms  normal  recursion
1.22.2,A,gatecse-2007  algorithms  recursion  time-complexity  normal
1.22.3,10230,gatecse-2018  numerical-answers  algorithms  recursion  2-marks
1.22.4,60 : 60,gatecse-2021-set2  algorithms  recursion  output  numerical-answers  2-marks
1.23.1,N/A,gate1996  algorithms  searching  normal  descriptive
1.23.2,C,gate1996  algorithms  easy  isro2016  searching
1.23.3,A,gatecse-2002  searching  normal
1.23.4,C,gatecse-2008  algorithms  searching  normal
1.23.5,A,gatecse-2008  algorithms  searching  normal
1.23.6,5,gatecse-2017-set1  algorithms  normal  numerical-answers  searching
1.24.1,N/A,gatecse-2002  algorithms  graph-algorithms  time-complexity  normal  descriptive  shortest-path
1.24.2,B,gatecse-2003  algorithms  graph-algorithms  normal  shortest-path
1.24.3,D,gatecse-2007  algorithms  graph-algorithms  easy  shortest-path
1.24.4,A,gatecse-2020  algorithms  graph-algorithms  2-marks  shortest-path
1.24.5,C,
1.25.1,N/A,gate1988  algorithms  sorting  fill-in-the-blanks  easy
1.25.2,A,gate1990  normal  algorithms  sorting  easy  time-complexity  multiple-selects
1.25.3,7,gate1991  normal  algorithms  sorting  numerical-answers
1.25.4,N/A,gate1991  sorting  time-complexity  algorithms  difficult  descriptive
1.25.5,D,gate1992  easy  algorithms  sorting  multiple-selects
1.25.6,N/A,gate1995  algorithms  sorting  easy  descriptive  bubble-sort
1.25.7,N/A,gate1996  algorithms  sorting  normal  descriptive
1.25.8,B,gate1998  algorithms  sorting  easy  match-the-following
1.25.9,B,gate1999  algorithms  sorting  easy
1.25.10,N/A,gate1999  algorithms  sorting  normal  descriptive
1.25.11,N/A,gatecse-2000  algorithms  sorting  normal  descriptive
1.25.12,B,gatecse-2003  algorithms  sorting  inversion  normal
1.25.13,A,gatecse-2005  algorithms  sorting  normal
1.25.14,C,gatecse-2006  algorithms  sorting  easy  isro2011
1.25.15,A,gatecse-2007  algorithms  sorting  time-complexity  easy
1.25.16,A,gatecse-2009  algorithms  sorting  easy  selection-sort
1.25.17,C,gatecse-2013  algorithms  sorting  normal  heap-sort
1.25.18,B,gatecse-2013  algorithms  sorting  easy  selection-sort
1.25.19,147.1 : 148.1,gatecse-2014-set1  algorithms  numerical-answers  normal  maximum-minimum  sorting
1.25.20,D,gatecse-2016-set1  algorithms  sorting  easy
1.25.21,D,gatecse-2016-set2  algorithms  sorting  time-complexity  normal  ambiguous
1.25.22,C,gatecse-2021-set1  algorithms  sorting  1-mark
1.25.23,D,gatecse2024-set1  algorithms  heap-sort  sorting
1.25.24,3,gatecse2024-set2  numerical-answers  algorithms  sorting
1.25.25,B,gate-ds-ai-2024  algorithms  sorting
1.25.26,C,gateit-2005  algorithms  sorting  normal
1.25.27,C,gateit-2008  algorithms  sorting  normal
1.26.1,B,gatecse-2005  algorithms  recursion  normal  space-complexity
1.27.1,C,gatecse-2008  algorithms  graph-algorithms  time-complexity  normal  strongly-connected-components
1.27.2,109,gatecse-2018  algorithms  graph-algorithms  numerical-answers  2-marks  strongly-connected-components
1.27.3,B,gateit-2006  algorithms  graph-algorithms  normal  strongly-connected-components
1.28.1,N/A,gate1988  normal  descriptive  algorithms  time-complexity
1.28.2,N/A,gate1989  match-the-following  algorithms  time-complexity
1.28.3,B;C;D;E,
1.28.4,D,gate1999  algorithms  time-complexity  normal
1.28.5,A,gate1999  algorithms  time-complexity  normal
1.28.6,N/A,gate1999  algorithms  time-complexity  normal  descriptive
1.28.7,A,gatecse-2000  easy  algorithms  time-complexity
1.28.8,C,gatecse-2003  algorithms  time-complexity  normal
1.28.9,D,gatecse-2004  algorithms  time-complexity  easy
1.28.10,C,gatecse-2004  algorithms  time-complexity  normal
1.28.11,C,gatecse-2006  algorithms  normal  time-complexity
1.28.12,D,gatecse-2007  algorithms  time-complexity  normal  isro2016
1.28.13,D,gatecse-2007  algorithms  time-complexity  normal
1.28.14,B,gatecse-2007  algorithms  time-complexity  easy
1.28.15,B,gatecse-2007  algorithms  time-complexity  normal
1.28.16,B,gatecse-2008  normal  algorithms  time-complexity
1.28.17,B,gatecse-2008  algorithms  time-complexity  normal
1.28.18,B,gatecse-2008  algorithms  time-complexity  normal
1.28.19,C,gatecse-2008  normal  algorithms  time-complexity
1.28.20,C,gatecse-2010  algorithms  time-complexity  easy
1.28.21,C,gatecse-2014-set1  algorithms  time-complexity  normal
1.28.22,A,gatecse-2015-set1  algorithms  data-structures  normal  time-complexity
1.28.23,D,gatecse-2015-set2  algorithms  time-complexity  easy
1.28.24,C,gatecse-2017-set2  algorithms  time-complexity  match-the-following  easy
1.28.25,C,gatecse-2017-set2  algorithms  time-complexity
1.28.26,C,gatecse-2019  algorithms  time-complexity  2-marks
1.28.27,A,gatecse2024-set1  algorithms  time-complexity
1.28.28,A,gateit-2007  algorithms  time-complexity  normal
1.28.29,B,gateit-2007  algorithms  time-complexity  normal
1.29.1,D,gatecse-2007  algorithms  graph-algorithms  topological-sort  easy
1.29.2,C,gatecse-2014-set1  graph-algorithms  easy  topological-sort
1.29.3,6,gatecse-2016-set1  algorithms  graph-algorithms  normal  numerical-answers  topological-sort
1.29.4,B;D,gate-ds-ai-2024  algorithms  topological-sort  directed-acyclic-graph
2.1.1,C,gate1987  co-and-architecture  addressing-modes  easy
2.1.2,N/A,gate1988  normal  descriptive  co-and-architecture  addressing-modes
2.1.3,N/A,gate1989  match-the-following  co-and-architecture  addressing-modes  easy
2.1.4,N/A,gate1993  co-and-architecture  addressing-modes  normal  descriptive
2.1.5,B,gate1996  co-and-architecture  addressing-modes  easy  isro2016
2.1.6,D,gate1998  co-and-architecture  addressing-modes  easy
2.1.7,A;B;C;D,gate1999  co-and-architecture  addressing-modes  normal  multiple-selects
2.1.8,C,gatecse-2000  co-and-architecture  easy  addressing-modes  match-the-following
2.1.9,A,gatecse-2001  co-and-architecture  addressing-modes  easy  match-the-following
2.1.10,B,gatecse-2002  co-and-architecture  addressing-modes  easy
2.1.11,C,gatecse-2004  co-and-architecture  addressing-modes  easy
2.1.12,B,gatecse-2005  co-and-architecture  addressing-modes  normal
2.1.13,C,gatecse-2005  co-and-architecture  addressing-modes  match-the-following  easy
2.1.14,C,gatecse-2008  addressing-modes  co-and-architecture  normal  isro2009
2.1.15,D,gatecse-2011  co-and-architecture  addressing-modes  easy
2.1.16,D,gatecse-2017-set1  co-and-architecture  addressing-modes
2.1.17,D,gateit-2006  co-and-architecture  addressing-modes  normal  isro2009
2.1.18,D,gateit-2006  co-and-architecture  addressing-modes  normal
2.2.1,A;B;C;D,gate1999  co-and-architecture  normal  cisc-risc-architecture  multiple-selects
2.2.2,D,gatecse-2018  co-and-architecture  cisc-risc-architecture  easy  1-mark
2.3.1,N/A,gate1987  co-and-architecture  cache-memory  descriptive
2.3.2,N/A,gate1989  descriptive  co-and-architecture  cache-memory
2.3.4,22,gate1990  descriptive  co-and-architecture  cache-memory
2.3.5,180,gate1992  co-and-architecture  cache-memory  normal  numerical-answers
2.3.6,N/A,gate1993  co-and-architecture  cache-memory  normal  descriptive
2.3.7,D,gate1995  co-and-architecture  cache-memory  easy
2.3.8,D,gate1995  co-and-architecture  cache-memory  normal
2.3.9,61.25,gate1996  co-and-architecture  cache-memory  normal
2.3.10,N/A,gate1998  co-and-architecture  cache-memory  descriptive
2.3.11,B,gate1999  co-and-architecture  cache-memory  normal
2.3.12,B,gatecse-2001  co-and-architecture  easy  cache-memory  isro2008
2.3.13,N/A,gatecse-2001  co-and-architecture  cache-memory  normal  descriptive
2.3.14,N/A,gatecse-2002  co-and-architecture  cache-memory  normal  descriptive
2.3.15,C,gatecse-2004  co-and-architecture  cache-memory  normal
2.3.16,A,gatecse-2005  co-and-architecture  cache-memory  easy
2.3.17,A,gatecse-2006  co-and-architecture  cache-memory  normal
2.3.18,D,gatecse-2006  co-and-architecture  cache-memory  normal
2.3.19,C,gatecse-2006  co-and-architecture  cache-memory  normal
2.3.20,B,co-and-architecture  cache-memory  normal  gatecse-2006
2.3.21,D,gatecse-2007  co-and-architecture  cache-memory  normal
2.3.22,C,gatecse-2007  co-and-architecture  cache-memory  normal
2.3.23,A,gatecse-2007  co-and-architecture  cache-memory  normal
2.3.24,A,gatecse-2008  co-and-architecture  cache-memory  normal
2.3.25,D,gatecse-2008  co-and-architecture  cache-memory  normal
2.3.26,B,gatecse-2008  co-and-architecture  cache-memory  normal
2.3.27,C,gatecse-2008  co-and-architecture  cache-memory  normal
2.3.28,D,gatecse-2009  co-and-architecture  cache-memory  normal
2.3.29,C,gatecse-2010  co-and-architecture  cache-memory  normal  barc2017
2.3.30,C,gatecse-2010  co-and-architecture  cache-memory  normal
2.3.31,D,gatecse-2011  co-and-architecture  cache-memory  normal
2.3.32,C,gatecse-2012  co-and-architecture  cache-memory  normal
2.3.33,A,normal  gatecse-2012  co-and-architecture  cache-memory
2.3.34,A,gatecse-2013  co-and-architecture  cache-memory  normal
2.3.35,A,gatecse-2014-set1  co-and-architecture  cache-memory  normal
2.3.36,D,gatecse-2014-set2  co-and-architecture  cache-memory  normal
2.3.37,D,gatecse-2014-set2  co-and-architecture  cache-memory  normal
2.3.38,20,gatecse-2014-set2  co-and-architecture  cache-memory  numerical-answers  normal
2.3.39,1.68,gatecse-2014-set3  co-and-architecture  cache-memory  numerical-answers  normal
2.3.40,14,gatecse-2015-set2  co-and-architecture  cache-memory  easy  numerical-answers
2.3.41,A,gatecse-2015-set3  co-and-architecture  cache-memory  normal
2.3.42,24,gatecse-2016-set2  co-and-architecture  cache-memory  normal  numerical-answers
2.3.43,30,gatecse-2016-set2  co-and-architecture  cache-memory  normal  numerical-answers
2.3.44,0.05,gatecse-2017-set1  co-and-architecture  cache-memory  numerical-answers
2.3.45,76,gatecse-2017-set1  co-and-architecture  cache-memory  conflict-misses  normal  numerical-answers
2.3.46,14,gatecse-2017-set1  co-and-architecture  cache-memory  normal  numerical-answers
2.3.47,A,gatecse-2017-set2  cache-memory  co-and-architecture  normal
2.3.48,4.7 : 4.8,gatecse-2017-set2  co-and-architecture  cache-memory  numerical-answers
2.3.49,18,gatecse-2017-set2  co-and-architecture  cache-memory  numerical-answers
2.3.50,B,gatecse-2018  co-and-architecture  cache-memory  normal  2-marks
2.3.51,D,gatecse-2019  co-and-architecture  cache-memory  normal  1-mark
2.3.52,160,gatecse-2019  numerical-answers  co-and-architecture  cache-memory  2-marks
2.3.54,B,gatecse-2020  co-and-architecture  cache-memory  2-marks
2.3.56,2 : 2,gatecse-2021-set2  numerical-answers  co-and-architecture  cache-memory  1-mark
2.3.57,A,gatecse-2021-set2  co-and-architecture  cache-memory  2-marks
2.3.58,A;B;D,gatecse-2022  co-and-architecture  cache-memory  multiple-selects  1-mark
2.3.59,0.85,gatecse-2022  numerical-answers  co-and-architecture  cache-memory  1-mark
2.3.60,A;B;D,gatecse-2022  co-and-architecture  direct-mapping  multiple-selects  2-marks  cache-memory
2.3.61,19,gatecse-2023  co-and-architecture  cache-memory  numerical-answers  2-marks
2.3.62,B;C,gatecse2024-set1  co-and-architecture  cache-memory  multiple-selects
2.3.63,3,gatecse2024-set1  numerical-answers  co-and-architecture  cache-memory
2.3.64,C,gateit-2004  co-and-architecture  cache-memory  normal  isro2016
2.3.65,B,gateit-2004  co-and-architecture  cache-memory  normal
2.3.66,C,gateit-2005  co-and-architecture  cache-memory  normal
2.3.67,C,gateit-2006  co-and-architecture  cache-memory  normal
2.3.68,A,gateit-2006  co-and-architecture  cache-memory  normal
2.3.69,B,gateit-2007  co-and-architecture  cache-memory  normal
2.3.70,D,gateit-2008  co-and-architecture  cache-memory  normal
2.3.71,A,gateit-2008  co-and-architecture  cache-memory  normal
2.4.1,D,gatecse-2004  dma  normal  co-and-architecture
2.4.2,B,gatecse-2005  co-and-architecture  disk  normal  dma
2.4.3,A,gatecse-2011  co-and-architecture  dma  normal
2.4.4,456,gatecse-2016-set1  co-and-architecture  dma  normal  numerical-answers
2.4.6,A,gatecse-2022  co-and-architecture  dma  1-mark
2.4.7,C,gatecse2024-set1  co-and-architecture  dma
2.4.8,C,gatecse2024-set2  co-and-architecture  dma
2.4.9,C,gateit-2004  co-and-architecture  dma  normal
2.5.1,B,gatecse-2015-set3  co-and-architecture  pipelining  data-dependency  normal
2.5.2,B,gateit-2007  data-dependency  co-and-architecture
2.6.1,N/A,gate1990  descriptive  co-and-architecture  data-path
2.6.2,D,gatecse-2001  co-and-architecture  data-path  machine-instruction  normal
2.6.3,B,gatecse-2005  co-and-architecture  machine-instruction  data-path  normal
2.6.4,B,co-and-architecture  normal  gatecse-2005  data-path  machine-instruction
2.6.5,28,gatecse-2016-set2  co-and-architecture  data-path  normal  numerical-answers
2.6.6,C,gatecse-2020  co-and-architecture  data-path  1-mark
2.7.4,A,gate1996  co-and-architecture  io-handling  normal
2.7.5,1.4 : 1.5,gate1996  co-and-architecture  io-handling  dma  numerical-answers  normal
2.7.6,B,gate1997  co-and-architecture  normal  io-handling  match-the-following
2.7.7,B,gatecse-2008  operating-system  io-handling  normal  isro2009
2.8.2,N/A,gate1992  co-and-architecture  easy  instruction-execution  fill-in-the-blanks
2.8.3,C,gate1995  co-and-architecture  normal  instruction-execution
2.8.4,C,gatecse-2002  co-and-architecture  easy  instruction-execution
2.8.5,A,gatecse-2006  co-and-architecture  normal  instruction-execution
2.8.6,-16.0,gatecse-2017-set1  co-and-architecture  normal  numerical-answers  instruction-execution
2.9.1,N/A,gate1988  normal  co-and-architecture  instruction-format  descriptive
2.9.2,256,gate1992  co-and-architecture  machine-instruction  instruction-format  normal  numerical-answers
2.9.4,16383,gatecse-2014-set1  co-and-architecture  machine-instruction  instruction-format  numerical-answers  normal
2.9.5,500,gatecse-2016-set2  instruction-format  machine-instruction  co-and-architecture  normal  numerical-answers
2.9.6,32,gatecse-2018  co-and-architecture  machine-instruction  instruction-format  numerical-answers  2-marks
2.9.7,14,gatecse-2020  co-and-architecture  numerical-answers  instruction-format  machine-instruction  2-marks
2.9.8,32,gatecse2024-set2  numerical-answers  co-and-architecture  instruction-format
2.9.9,34,gatecse2024-set2  numerical-answers  co-and-architecture  instruction-format
2.10.1,D,gate1987  co-and-architecture  interrupts
2.10.2,B,gate1995  co-and-architecture  interrupts  normal
2.10.3,A,gate1998  co-and-architecture  interrupts  normal
2.10.4,A,gatecse-2002  co-and-architecture  interrupts  normal
2.10.5,B,gatecse-2005  co-and-architecture  interrupts
2.10.6,C,gatecse-2009  co-and-architecture  interrupts  normal  ugcnetcse-june2012-paper3
2.10.7,C,gatecse-2020  co-and-architecture  interrupts  1-mark
2.10.8,10.2,gatecse-2023  co-and-architecture  interrupts  numerical-answers  1-mark
2.11.1,N/A,gate1988  normal  descriptive  co-and-architecture  machine-instruction
2.11.2,N/A,
2.11.3,N/A,gate1999  co-and-architecture  machine-instruction  normal  descriptive
2.11.4,B,gatecse-2003  co-and-architecture  machine-instruction  normal
2.11.5,A,gatecse-2003  co-and-architecture  machine-instruction  normal
2.11.6,D,gatecse-2004  co-and-architecture  machine-instruction  normal
2.11.7,B,gatecse-2004  co-and-architecture  machine-instruction  normal
2.11.8,C,gatecse-2006  co-and-architecture  machine-instruction  easy  isro2009
2.11.9,B,gatecse-2007  co-and-architecture  machine-instruction  normal
2.11.10,D,gatecse-2007  co-and-architecture  machine-instruction  interrupts  normal
2.11.11,A,gatecse-2007  co-and-architecture  machine-instruction  interrupts  normal
2.11.12,C,gatecse-2007  co-and-architecture  machine-instruction  interrupts  normal
2.11.13,D,gatecse-2008  co-and-architecture  machine-instruction  normal
2.11.14,D,gatecse-2015-set2  co-and-architecture  machine-instruction  easy
2.11.15,16,gatecse-2016-set2  machine-instruction  co-and-architecture  easy  numerical-answers
2.11.16,50 : 50,gatecse-2021-set1  co-and-architecture  machine-instruction  numerical-answers  2-marks
2.11.17,B,gatecse-2023  co-and-architecture  machine-instruction  2-marks
2.11.18,D,gateit-2004  co-and-architecture  machine-instruction  easy
2.11.19,C,gateit-2007  co-and-architecture  machine-instruction  normal
2.11.20,A,gateit-2008  co-and-architecture  machine-instruction  normal
2.12.1,N/A,gate1991  co-and-architecture  normal  memory-interfacing  descriptive
2.12.2,D,gatecse-2006  co-and-architecture  cache-memory  memory-interfacing  normal
2.12.3,31,gatecse-2016-set1  co-and-architecture  easy  numerical-answers  memory-interfacing
2.12.4,59 : 60,gatecse-2018  co-and-architecture  memory-interfacing  normal  numerical-answers  1-mark
2.12.5,A,gatecse-2019  co-and-architecture  dram  memory-interfacing  1-mark
2.12.6,C,gatecse-2023  co-and-architecture  memory-interfacing  2-marks
2.13.1,B,gate1987  co-and-architecture  control-unit  microprogramming
2.13.2,N/A,gate1987  co-and-architecture  microprogramming  descriptive
2.13.3,C,gate1996  co-and-architecture  microprogramming  normal
2.13.4,C,gate1997  co-and-architecture  microprogramming  normal
2.13.5,B,gate1999  co-and-architecture  microprogramming  normal
2.13.6,D,gatecse-2002  co-and-architecture  microprogramming
2.13.7,A,gatecse-2004  co-and-architecture  microprogramming  normal
2.13.8,D,gatecse-2013  co-and-architecture  microprogramming  normal
2.13.9,A,gateit-2004  co-and-architecture  microprogramming  normal
2.13.10,D,gateit-2005  co-and-architecture  microprogramming  normal
2.13.11,B,gateit-2005  co-and-architecture  microprogramming  normal
2.13.12,D,gateit-2006  co-and-architecture  microprogramming  normal
2.13.13,D,gateit-2008  co-and-architecture  microprogramming  normal
2.14.1,15,gate1999  co-and-architecture  pipelining  normal  numerical-answers
2.14.2,B,gatecse-2000  pipelining  co-and-architecture  easy
2.14.3,N/A,gatecse-2000  co-and-architecture  pipelining  normal  descriptive
2.14.4,N/A,gatecse-2001  co-and-architecture  pipelining  normal  descriptive
2.14.5,D,gatecse-2002  co-and-architecture  pipelining  easy  isro2008
2.14.6,D,gatecse-2003  co-and-architecture  pipelining  normal  isrodec2017
2.14.7,C,gatecse-2004  co-and-architecture  pipelining  normal
2.14.8,A,gatecse-2005  co-and-architecture  pipelining  normal
2.14.9,C,gatecse-2006  co-and-architecture  pipelining  normal
2.14.10,B,gatecse-2007  co-and-architecture  pipelining  normal  isro2009
2.14.11,B,gatecse-2008  pipelining  co-and-architecture  normal
2.14.12,A,gatecse-2008  co-and-architecture  pipelining  normal
2.14.13,D,gatecse-2008  co-and-architecture  pipelining  normal
2.14.14,B,gatecse-2009  co-and-architecture  pipelining  normal
2.14.15,B,gatecse-2010  co-and-architecture  pipelining  normal
2.14.16,B,gatecse-2011  co-and-architecture  pipelining  normal
2.14.17,C,gatecse-2012  co-and-architecture  pipelining  easy  isro2016
2.14.18,B,gatecse-2013  normal  co-and-architecture  pipelining
2.14.19,4,gatecse-2014-set1  co-and-architecture  pipelining  numerical-answers  normal
2.14.21,C,gatecse-2014-set3  co-and-architecture  pipelining  normal
2.14.22,3.2,
2.14.23,13,gatecse-2015-set2  co-and-architecture  pipelining  normal  numerical-answers
2.14.24,3,gatecse-2015-set3  co-and-architecture  pipelining  difficult  numerical-answers
2.14.26,4,gatecse-2016-set2  co-and-architecture  pipelining  normal  numerical-answers
2.14.28,219,gatecse-2018  co-and-architecture  pipelining  numerical-answers  2-marks
2.14.31,1.87 : 1.88,gatecse-2021-set2  co-and-architecture  pipelining  numerical-answers  2-marks
2.14.33,2040,gatecse-2023  co-and-architecture  pipelining  numerical-answers  1-mark
2.14.34,A;B;C,gatecse2024-set1  multiple-selects  co-and-architecture  pipelining
2.14.35,A,gatecse2024-set2  co-and-architecture  multiple-selects  pipelining
2.14.36,3,gatecse2024-set2  numerical-answers  co-and-architecture  pipelining
2.14.37,C,gateit-2004  co-and-architecture  pipelining  normal
2.14.38,B,
2.14.39,C,gateit-2006  co-and-architecture  pipelining  normal
2.14.40,B,gateit-2006  co-and-architecture  pipelining  normal
2.14.41,B,gateit-2007  co-and-architecture  pipelining  normal  isro2011
2.14.42,C,gateit-2008  co-and-architecture  pipelining  normal
2.15.1,X,gatecse-2001  co-and-architecture  normal  ugcnetcse-dec2012-paper3  runtime-environment
2.15.2,A,gatecse-2008  co-and-architecture  normal  isro2009  runtime-environment
2.16.1,1.6,gatecse-2014-set1  co-and-architecture  numerical-answers  normal  speedup
2.16.2,3,gatecse2024-set1  numerical-answers  co-and-architecture  speedup
2.16.3,A,gateit-2004  normal  co-and-architecture  speedup
2.16.4,B,gateit-2007  co-and-architecture  normal  speedup
2.17.1,A;B,gate1991  co-and-architecture  virtual-memory  normal  multiple-selects
2.17.2,D,gatecse-2004  co-and-architecture  virtual-memory  normal
2.17.3,C,
3.1.1,N/A,gate1992  compiler-design  assembler  normal  fill-in-the-blanks
3.1.3,N/A,gate1992  compiler-design  assembler  normal  descriptive
3.1.4,A;B;C,gate1993  compiler-design  assembler  easy  multiple-selects
3.1.6,N/A,gate1994  compiler-design  normal  assembler  true-false  descriptive
3.1.9,B,gate1996  compiler-design  normal  assembler
3.2.1,A,gatecse-2006  compiler-design  normal  code-optimization
3.2.2,D,gatecse-2006  compiler-design  code-optimization
3.2.3,A,gatecse-2008  normal  code-optimization  compiler-design
3.2.4,D,gatecse-2014-set1  compiler-design  code-optimization  normal
3.2.5,7,gatecse-2014-set3  compiler-design  numerical-answers  normal  code-optimization
3.2.6,A,gatecse-2014-set3  compiler-design  code-optimization  directed-acyclic-graph  normal
3.2.7,C,gatecse-2015-set2  compiler-design  easy  abstract-syntax-tree  code-optimization
3.2.8,6 : 6,gatecse-2021-set1  compiler-design  code-optimization  directed-acyclic-graph  numerical-answers  2-marks
3.2.9,D,gatecse-2021-set2  code-optimization  compiler-design  2-marks
3.3.1,C,gate1987  compiler-design  compilation-phases
3.3.2,N/A,gate1990  match-the-following  compiler-design  compilation-phases
3.3.3,A,gatecse-2005  compiler-design  compilation-phases  normal
3.3.4,B,gatecse-2009  compiler-design  easy  compilation-phases
3.3.5,C,gatecse-2015-set2  compiler-design  normal  compilation-phases  match-the-following
3.3.6,B,gatecse-2016-set2  compiler-design  easy  match-the-following  compilation-phases
3.3.7,C,
3.3.8,B,gatecse-2018  compiler-design  easy  compilation-phases  1-mark
3.3.9,D,gatecse-2020  compiler-design  compilation-phases  runtime-environment  1-mark
3.3.10,C,gatecse-2021-set2  compilation-phases  compiler-design  1-mark
3.3.11,B,gatecse-2023  compiler-design  compilation-phases  1-mark
3.3.12,B,gatecse2024-set2  compiler-design  compilation-phases  match-the-following
3.4.1,A,gatecse-2002  compiler-design  expression-evaluation  easy
3.4.2,6,gatecse-2014-set2  compiler-design  normal  expression-evaluation  numerical-answers
3.5.1,A;B,gate1992  parsing  compiler-design  normal  multiple-selects  first-and-follow
3.5.2,A,gatecse-2012  compiler-design  parsing  normal  first-and-follow
3.5.3,C,gatecse-2017-set1  compiler-design  parsing  easy  first-and-follow
3.5.4,31,gatecse-2019  numerical-answers  compiler-design  parsing  1-mark  first-and-follow
3.5.5,A,gatecse2024-set1  compiler-design  first-and-follow
3.6.1,N/A,gate1988  compiler-design  descriptive  grammar  parsing
3.6.2,N/A,gate1988  compiler-design  descriptive  grammar  parsing
3.6.3,N/A,gate1990  descriptive  compiler-design  grammar
3.6.4,N/A,gate1991  grammar  compiler-design  normal  descriptive
3.6.5,N/A,gate1991  grammar  compiler-design  normal  descriptive
3.6.6,N/A,gate1991  grammar  compiler-design  normal  descriptive
3.6.7,C,gate1992  compiler-design  easy  grammar
3.6.8,C,gate1994  compiler-design  grammar  normal
3.6.9,N/A,gate1994  compiler-design  grammar  normal  descriptive
3.6.10,N/A,gate1994  compiler-design  grammar  normal  match-the-following
3.6.11,X,gate1995  compiler-design  grammar  normal
3.6.12,N/A,gate1995  compiler-design  grammar  normal  descriptive
3.6.13,N/A,gate1996  compiler-design  grammar  normal  descriptive
3.6.14,D,gate1996  compiler-design  grammar  normal
3.6.15,A,gate1997  compiler-design  grammar  normal
3.6.16,N/A,gate1997  compiler-design  grammar  normal  theory-of-computation  descriptive
3.6.17,N/A,gate1998  compiler-design  grammar  descriptive
3.6.18,N/A,gate1998  compiler-design  grammar  descriptive
3.6.19,C,gate1999  compiler-design  grammar  normal
3.6.20,A,gatecse-2001  compiler-design  grammar  normal
3.6.21,N/A,gatecse-2001  compiler-design  grammar  descriptive
3.6.22,D,gatecse-2003  compiler-design  grammar  normal  parsing
3.6.23,A,gatecse-2003  compiler-design  grammar  parsing  normal
3.6.24,B,gatecse-2003  compiler-design  grammar  normal
3.6.25,C,gatecse-2004  compiler-design  grammar  normal
3.6.26,B,gatecse-2004  compiler-design  grammar  normal
3.6.27,C,gatecse-2004  compiler-design  grammar  normal
3.6.28,A,gatecse-2005  compiler-design  parsing  grammar  easy
3.6.29,D,gatecse-2005  compiler-design  grammar  normal
3.6.30,B,gatecse-2006  compiler-design  grammar  normal  isro2016
3.6.31,D,gatecse-2006  compiler-design  grammar  normal
3.6.32,D,gatecse-2006  compiler-design  grammar  normal  theory-of-computation
3.6.33,A,gatecse-2006  compiler-design  grammar  normal
3.6.34,C,gatecse-2007  compiler-design  grammar  normal
3.6.35,C,gatecse-2007  compiler-design  grammar  normal
3.6.36,C,gatecse-2007  compiler-design  grammar  normal
3.6.37,B,gatecse-2007  compiler-design  grammar  normal
3.6.38,C,gatecse-2008  normal  compiler-design  grammar
3.6.39,C,gatecse-2010  compiler-design  grammar  normal
3.6.40,B,gatecse-2014-set2  compiler-design  grammar  normal
3.6.41,B,gatecse-2016-set2  compiler-design  grammar  easy
3.6.42,A,gatecse-2016-set2  compiler-design  grammar  normal
3.6.43,C,gatecse-2017-set2  grammar
3.6.44,5,gatecse-2019  numerical-answers  compiler-design  grammar  2-marks
3.6.45,A,gatecse-2021-set1  compiler-design  grammar  2-marks
3.6.46,179,gatecse2024-set1  numerical-answers  compiler-design  grammar
3.6.47,B;C,gatecse2024-set2  compiler-design  multiple-selects  grammar
3.6.48,A,gateit-2005  compiler-design  grammar  parsing  easy
3.6.49,C,gateit-2007  compiler-design  grammar  normal
3.6.50,D,gateit-2008  parsing  normal  grammar
3.7.1,N/A,gate1988  descriptive  compiler-design  intermediate-code
3.7.2,N/A,descriptive  gate1989  compiler-design  intermediate-code
3.7.3,N/A,gate1992  compiler-design  syntax-directed-translation  intermediate-code  descriptive
3.7.4,C,gate1994  compiler-design  intermediate-code  easy
3.7.5,A,gatecse-2014-set2  compiler-design  intermediate-code  programming-in-c  normal
3.7.6,C,gatecse-2014-set3  compiler-design  intermediate-code  easy
3.7.7,A,gatecse-2015-set1  compiler-design  intermediate-code  normal
3.7.8,B,gatecse-2015-set2  compiler-design  intermediate-code  normal
3.7.9,D,gatecse-2021-set2  multiple-selects  compiler-design  intermediate-code  1-mark
3.7.10,D,gatecse2024-set1  compiler-design  intermediate-code
3.7.11,A,gatecse2024-set2  compiler-design  intermediate-code
3.8.1,B;C;D,gate1992  compiler-design  normal  parsing  multiple-selects  lr-parser
3.8.2,C,gate1998  compiler-design  parsing  normal  lr-parser
3.8.3,B,gatecse-2003  compiler-design  parsing  easy  lr-parser
3.8.4,B,gatecse-2005  compiler-design  parsing  normal  lr-parser
3.8.5,D,gatecse-2006  compiler-design  parsing  normal  lr-parser
3.8.6,B,
3.8.7,D,gatecse-2013  compiler-design  parsing  normal  lr-parser
3.8.8,B,gatecse-2013  compiler-design  parsing  normal  lr-parser
3.8.9,D,gatecse-2014-set1  compiler-design  parsing  normal  lr-parser
3.8.10,C,gatecse-2015-set1  compiler-design  parsing  normal  viable-prefix  lr-parser
3.8.11,C,gatecse-2015-set3  compiler-design  parsing  normal  lr-parser
3.8.12,A,gatecse-2017-set2  compiler-design  parsing  lr-parser
3.8.13,D,gatecse-2019  compiler-design  parsing  1-mark  lr-parser
3.8.14,7,gatecse-2020  numerical-answers  compiler-design  lr-parser  1-mark
3.8.15,C,gatecse-2021-set1  compiler-design  lr-parser  1-mark
3.8.16,8 : 8,gatecse-2021-set2  compiler-design  lr-parser  numerical-answers  2-marks
3.8.17,5,gatecse-2022  numerical-answers  compiler-design  parsing  lr-parser  1-mark
3.8.18,D,gatecse-2022  compiler-design  parsing  1-mark  lr-parser
3.8.19,9,
3.9.1,A,gate1987  compiler-design  lexical-analysis
3.9.2,C,gatecse-2000  compiler-design  lexical-analysis  easy  isro2015
3.9.3,B,gatecse-2010  compiler-design  lexical-analysis  easy
3.9.4,C,gatecse-2011  compiler-design  lexical-analysis  easy
3.9.5,A,gatecse-2011  compiler-design  lexical-analysis  easy
3.9.6,D,gatecse-2018  compiler-design  lexical-analysis  normal  2-marks
3.10.1,B,gate1991  compiler-design  normal  linker  multiple-selects
3.10.2,C,gatecse-2003  compiler-design  runtime-environment  linker  easy
3.10.3,C,gatecse-2004  compiler-design  easy  linker
3.11.1,C,gatecse-2015-set1  compiler-design  live-variable-analysis  normal
3.11.2,A,gatecse-2021-set2  code-optimization  live-variable-analysis  compiler-design  2-marks
3.11.3,D,gatecse-2023  compiler-design  live-variable-analysis  2-marks
3.12.1,N/A,gate1992  compiler-design  macros  easy  fill-in-the-blanks
3.12.2,D,gate1995  compiler-design  macros  easy
3.12.3,A,gate1996  compiler-design  macros  normal
3.12.4,D,gate1997  compiler-design  macros  easy
3.13.1,B,gatecse-2000  operator-precedence  normal  compiler-design  isro2015
3.13.2,9,gatecse-2016-set1  compiler-design  parsing  normal  numerical-answers  operator-precedence
3.13.3,6,gatecse2024-set1  numerical-answers  compiler-design  operator-precedence
3.14.1,10,gate1988  descriptive  compiler-design  runtime-environment  parameter-passing  numerical-answers
3.14.2,N/A,gate1988  descriptive  compiler-design  runtime-environment  parameter-passing
3.14.3,A;D,gate1989  parameter-passing  runtime-environment  compiler-design  multiple-selects
3.14.4,N/A,gate1990  descriptive  compiler-design  runtime-environment  parameter-passing
3.14.5,A;D,gate1991  compiler-design  parameter-passing  difficult  multiple-selects
3.14.6,N/A,gate1991  compiler-design  parameter-passing  normal  runtime-environment  descriptive
3.14.7,N/A,gate1991  runtime-environment  normal  compiler-design  parameter-passing  descriptive
3.14.8,N/A,gate1993  compiler-design  parameter-passing  runtime-environment  normal  descriptive
3.14.9,A,gate1995  compiler-design  parameter-passing  runtime-environment  easy
3.14.10,N/A,gate1999  parameter-passing  normal  runtime-environment  descriptive
3.14.11,X,gatecse-2003  programming  compiler-design  parameter-passing  runtime-environment  normal
3.14.12,D,gatecse-2004  compiler-design  programming-in-c  parameter-passing  easy  isro2017  runtime-environment
3.14.13,D,gatecse-2016-set1  parameter-passing  normal
3.14.14,D,gateit-2007  programming  parameter-passing  normal  compiler-design  runtime-environment
3.15.1,B,gate1987  compiler-design  parsing  ambiguous-grammar
3.15.2,A,gate1987  compiler-design  parsing
3.15.3,N/A,gate1989  descriptive  compiler-design  parsing
3.15.4,N/A,gate1993  compiler-design  parsing  normal  descriptive
3.15.5,N/A,gate1995  compiler-design  parsing  normal  descriptive
3.15.6,C,gate1998  compiler-design  parsing  easy
3.15.7,N/A,gate1998  compiler-design  parsing  descriptive
3.15.8,B,gate1999  compiler-design  parsing  easy
3.15.9,A,gatecse-2000  compiler-design  parsing  normal  ugcnetcse-dec2013-paper2
3.15.10,N/A,gatecse-2001  compiler-design  parsing  normal  descriptive
3.15.11,N/A,gatecse-2002  compiler-design  parsing  normal  descriptive
3.15.12,D,gatecse-2003  compiler-design  parsing  easy
3.15.13,C,gatecse-2005  compiler-design  parsing  difficult
3.15.14,B,gatecse-2005  compiler-design  parsing  normal
3.15.15,A,gatecse-2006  compiler-design  parsing  normal
3.15.16,A,gatecse-2007  compiler-design  parsing  normal
3.15.17,D,gatecse-2008  compiler-design  parsing  normal
3.15.18,B,gatecse-2009  compiler-design  parsing  normal
3.15.19,B,gatecse-2011  compiler-design  parsing  normal
3.15.20,C,normal  gatecse-2012  compiler-design  parsing
3.15.21,D,gatecse-2015-set3  compiler-design  parsing  normal
3.15.22,1024,gatecse-2017-set1  compiler-design  parsing  normal  numerical-answers
3.15.23,A,gatecse-2018  compiler-design  parsing  normal  2-marks
3.15.24,A;D,gatecse2024-set1  multiple-selects  compiler-design  parsing
3.15.25,A,gatecse2024-set2  compiler-design  ll-parser  parsing
3.15.26,A,gateit-2005  compiler-design  parsing  normal
3.15.27,A,gateit-2008  compiler-design  parsing  normal
3.16.1,A,gate1997  compiler-design  register-allocation  normal
3.16.2,B,gatecse-2004  compiler-design  register-allocation  normal
3.16.3,B,gatecse-2010  compiler-design  register-allocation  normal
3.16.4,D,gatecse-2011  compiler-design  register-allocation  normal
3.16.5,B,gatecse-2013  normal  compiler-design  register-allocation
3.16.6,2,gatecse-2017-set1  compiler-design  register-allocation  normal  numerical-answers
3.17.1,N/A,gate1988  normal  descriptive  runtime-environment  compiler-design
3.17.2,N/A,gate1989  descriptive  compiler-design  runtime-environment
3.17.3,N/A,gate1989  descriptive  compiler-design  runtime-environment
3.17.4,N/A,gate1990  match-the-following  compiler-design  runtime-environment  recursion
3.17.6,D,gate1993  compiler-design  runtime-environment  easy
3.17.7,C,gate1995  compiler-design  runtime-environment  normal
3.17.8,D,gate1996  compiler-design  easy  runtime-environment
3.17.9,B,gate1997  compiler-design  easy  runtime-environment
3.17.10,C,gate1997  compiler-design  easy  runtime-environment
3.17.11,C,gate1998  compiler-design  runtime-environment  normal  isro2008
3.17.12,B,gate1998  compiler-design  runtime-environment  normal
3.17.13,C,gate1998  programming  compiler-design  normal  runtime-environment
3.17.14,C,gatecse-2001  compiler-design  runtime-environment  easy
3.17.15,B,gatecse-2002  compiler-design  runtime-environment  easy
3.17.16,A,gatecse-2008  compiler-design  difficult  runtime-environment
3.17.17,C,gatecse-2010  compiler-design  easy  runtime-environment
3.17.18,D,gatecse-2012  compiler-design  runtime-environment  normal
3.17.19,A,gatecse-2014-set2  compiler-design  easy  runtime-environment
3.17.20,D,gatecse-2014-set3  compiler-design  runtime-environment  normal
3.17.21,C,gatecse-2021-set1  runtime-environment  normal  1-mark
3.17.22,A,gatecse-2023  compiler-design  runtime-environment  2-marks
3.18.1,8,gatecse-2015-set1  compiler-design  intermediate-code  normal  numerical-answers  static-single-assignment
3.18.2,10,gatecse-2016-set1  compiler-design  static-single-assignment  normal  numerical-answers
3.18.3,B,gatecse-2017-set1  compiler-design  intermediate-code  normal  static-single-assignment
3.19.1,N/A,gate1992  compiler-design  syntax-directed-translation  normal  descriptive
3.19.2,A,gate1995  compiler-design  grammar  syntax-directed-translation  normal
3.19.3,N/A,gate1996  compiler-design  syntax-directed-translation  normal  descriptive
3.19.4,N/A,gate1998  compiler-design  syntax-directed-translation  normal  descriptive
3.19.5,N/A,gatecse-2000  compiler-design  syntax-directed-translation  normal  descriptive
3.19.6,N/A,gatecse-2001  compiler-design  syntax-directed-translation  normal  descriptive
3.19.7,B,gatecse-2003  compiler-design  syntax-directed-translation  normal
3.19.8,B,gatecse-2003  compiler-design  syntax-directed-translation  normal
3.19.9,C,gatecse-2016-set1  compiler-design  syntax-directed-translation  normal
3.19.10,A,gatecse-2019  compiler-design  syntax-directed-translation  2-marks
3.19.11,B,gatecse-2020  compiler-design  syntax-directed-translation  2-marks
3.19.12,B,gatecse-2021-set1  compiler-design  syntax-directed-translation  2-marks
3.19.13,80,gatecse-2022  numerical-answers  compiler-design  syntax-directed-translation  2-marks
3.19.14,2.375,gatecse-2023  compiler-design  syntax-directed-translation  numerical-answers  2-marks
3.19.15,A,gatecse2024-set1  compiler-design  syntax-directed-translation
3.19.16,B;D,gatecse2024-set2  compiler-design  syntax-directed-translation  multiple-selects
3.20.1,A,gate1987  compiler-design  variable-scope  runtime-environment
3.20.2,B,gate1987  compiler-design  variable-scope  runtime-environment
4.0.1,6,gatecse2024-set1  numerical-answers  computer-networks
4.1.1,A,gatecse-2008  easy  computer-networks  application-layer-protocols  isro2016
4.1.2,C,gatecse-2011  computer-networks  application-layer-protocols  easy
4.1.3,C,gatecse-2012  computer-networks  application-layer-protocols  easy
4.1.4,C,gatecse-2016-set1  computer-networks  application-layer-protocols  normal
4.1.5,B,gatecse-2019  computer-networks  application-layer-protocols  1-mark
4.1.6,6,gatecse-2020  numerical-answers  computer-networks  application-layer-protocols  1-mark
4.1.7,4,gatecse-2022  numerical-answers  computer-networks  1-mark  application-layer-protocols
4.1.8,B,gateit-2005  computer-networks  application-layer-protocols  normal
4.1.9,A,gateit-2005  computer-networks  icmp  application-layer-protocols  normal
4.1.10,C,gateit-2005  computer-networks  normal  application-layer-protocols
4.1.11,D,gateit-2006  computer-networks  application-layer-protocols  normal
4.1.12,C,gateit-2008  computer-networks  normal  application-layer-protocols
4.2.1,B,gatecse-2014-set3  computer-networks  error-detection  bit-stuffing
4.2.2,D,gateit-2004  computer-networks  network-flow  normal  bit-stuffing
4.3.1,B,gatecse-2004  computer-networks  bridges  normal
4.3.2,A,gatecse-2006  computer-networks  bridges  normal
4.3.3,A,
4.4.1,B,gatecse-2007  computer-networks  error-detection  crc-polynomial  normal  isro2016
4.4.2,C,gatecse-2017-set1  computer-networks  crc-polynomial  normal
4.4.3,C,gatecse-2021-set2  computer-networks  crc-polynomial  2-marks
4.4.4,A,gateit-2005  computer-networks  crc-polynomial  normal
4.5.1,D,gatecse-2015-set3  computer-networks  congestion-control  csma-cd  normal
4.5.2,200,gatecse-2016-set2  computer-networks  csma-cd  numerical-answers  normal
4.5.3,C,gateit-2005  computer-networks  congestion-control  csma-cd  normal
4.5.4,A,gateit-2005  computer-networks  congestion-control  csma-cd  normal
4.5.5,B,gateit-2008  computer-networks  csma-cd  normal
4.6.1,A,gatecse-2012  computer-networks  communication  normal
4.6.2,7.07:7.09,
4.6.3,B,gateit-2007  computer-networks  communication  normal
4.6.4,B,gateit-2007  computer-networks  communication  normal
4.7.1,D,gatecse-2008  computer-networks  congestion-control  normal
4.7.2,C,gatecse-2012  computer-networks  congestion-control  normal
4.7.3,1100 : 1300,gatecse-2014-set1  computer-networks  tcp  congestion-control  numerical-answers  normal
4.7.4,0.4404,gatecse-2015-set1  computer-networks  normal  numerical-answers  congestion-control
4.7.5,C,gatecse-2018  computer-networks  tcp  congestion-control  normal  1-mark
4.7.6,50,gatecse-2018  computer-networks  congestion-control  numerical-answers  2-marks
4.7.7,B,gateit-2005  computer-networks  congestion-control  normal
4.8.1,C,gatecse-2010  computer-networks  routing  distance-vector-routing  normal
4.8.2,B,gatecse-2010  computer-networks  routing  distance-vector-routing  normal
4.8.3,A,gatecse-2011  computer-networks  routing  distance-vector-routing  normal
4.8.4,C,gatecse-2011  computer-networks  routing  distance-vector-routing  normal
4.8.5,B;C,gatecse-2021-set2  multiple-selects  computer-networks  distance-vector-routing  2-marks
4.8.6,0.5,gatecse-2022  numerical-answers  computer-networks  routing  distance-vector-routing  2-marks
4.8.7,B,gateit-2005  computer-networks  routing  distance-vector-routing  normal
4.8.8,A,gateit-2007  computer-networks  distance-vector-routing  normal
4.9.1,3 : 4,gate1992  computer-networks  error-detection  normal  fill-in-the-blanks
4.9.2,N/A,gate1994  computer-networks  error-detection  hamming-code  normal  descriptive
4.9.3,A,
4.9.4,C,gatecse-2009  computer-networks  error-detection  normal
4.9.5,A,gatecse-2017-set2  computer-networks  error-detection
4.9.6,A,gatecse-2021-set1  computer-networks  hamming-code  2-marks  error-detection
4.9.7,A,gateit-2005  computer-networks  error-detection  probability  normal
4.9.8,B,gateit-2007  computer-networks  error-detection  normal
4.9.9,C,gateit-2008  computer-networks  normal  error-detection
4.9.10,N/A,gate1989  descriptive  computer-networks  error-detection
4.10.1,B,gatecse-2004  computer-networks  ethernet  probability  normal
4.10.2,B,
4.10.3,D,gatecse-2016-set2  computer-networks  ethernet  normal
4.10.4,C,gatecse-2022  computer-networks  ethernet  1-mark
4.10.5,B,gatecse2024-set2  computer-networks  multiple-selects  ethernet
4.10.6,500,gatecse2024-set2  numerical-answers  computer-networks  ethernet
4.10.7,C,gateit-2006  computer-networks  normal  ethernet
4.11.1,D,gatecse-2003  computer-networks  ip-addressing  normal
4.11.2,D,gatecse-2004  computer-networks  ip-addressing  tcp  normal
4.11.3,B,gatecse-2004  computer-networks  ip-addressing  tcp  normal
4.11.4,C,gatecse-2012  computer-networks  ip-addressing  easy
4.11.5,C,gatecse-2013  computer-networks  ip-addressing  normal
4.11.6,256,gatecse-2014-set3  computer-networks  ip-addressing  numerical-answers  normal
4.11.7,9,gatecse-2017-set2  computer-networks  ip-addressing  numerical-answers
4.11.8,144,gatecse-2018  computer-networks  ip-addressing  numerical-answers  2-marks
4.11.9,C;D,gatecse-2023  computer-networks  ip-addressing  multiple-selects  2-marks
4.11.10,A,gatecse2024-set2  computer-networks  ip-addressing
4.12.1,C,gatecse-2006  computer-networks  ip-addressing  ip-packet  easy
4.12.2,D,gatecse-2010  computer-networks  ip-packet  easy
4.12.3,D,gatecse-2014-set3  computer-networks  ip-packet  normal
4.12.4,A,gatecse-2014-set3  computer-networks  ip-packet  normal
4.12.5,B,gatecse-2015-set1  computer-networks  ip-packet  easy
4.12.6,C,gatecse-2015-set2  computer-networks  ip-packet  normal
4.12.7,13,gatecse-2016-set1  computer-networks  ip-packet  normal  numerical-answers
4.12.8,A;C,gatecse2024-set1  multiple-selects  computer-networks  ip-packet
4.12.9,B;C,gatecse2024-set2  computer-networks  multiple-selects  ip-packet
4.12.10,C;D,gatecse2024-set2  computer-networks  multiple-selects  ip-packet
4.12.11,D,gateit-2004  computer-networks  ip-packet  normal
4.13.1,D,gatecse-2003  computer-networks  lan-technologies  normal
4.13.2,A,gatecse-2007  computer-networks  lan-technologies  probability  normal
4.13.3,26,gatecse-2014-set2  computer-networks  numerical-answers  lan-technologies  ethernet  normal
4.13.4,3,gatecse-2019  numerical-answers  computer-networks  lan-technologies  2-marks
4.13.5,D,gateit-2004  computer-networks  lan-technologies  ethernet  normal
4.13.6,D,gateit-2005  computer-networks  lan-technologies  normal
4.13.7,B,gateit-2006  computer-networks  lan-technologies  ethernet  normal
4.14.1,D,gatecse-2005  computer-networks  mac-protocol  ethernet
4.14.2,12,gatecse-2015-set2  computer-networks  mac-protocol  stop-and-wait  normal  numerical-answers
4.14.3,130 : 140,gatecse-2021-set2  computer-networks  mac-protocol  pure-aloha  numerical-answers  2-marks
4.14.4,B,gateit-2004  computer-networks  congestion-control  mac-protocol  normal
4.14.5,C,gateit-2005  computer-networks  mac-protocol  normal
4.15.1,N/A,
4.15.2,D,gatecse-2017-set2  computer-networks  network-flow
4.15.3,C,gateit-2004  computer-networks  network-flow  normal
4.15.4,A,gateit-2006  computer-networks  network-flow  normal
4.16.1,D,gatecse-2003  computer-networks  network-layering  easy
4.16.2,A,gatecse-2004  computer-networks  network-layering  normal
4.16.3,B,gatecse-2007  computer-networks  network-layering  network-protocols  easy
4.16.4,C,gatecse-2013  computer-networks  network-layering  normal
4.16.5,B,gatecse-2014-set3  computer-networks  network-layering  easy
4.16.6,C,gatecse-2018  computer-networks  network-layering  normal  1-mark
4.17.1,D,gatecse-2005  computer-networks  normal  network-protocols
4.17.2,C,gatecse-2007  computer-networks  network-protocols  application-layer-protocols  easy
4.17.3,A,gatecse-2015-set1  computer-networks  network-protocols  normal
4.17.4,C,gatecse-2016-set1  computer-networks  network-protocols  normal
4.17.5,C,gatecse-2019  computer-networks  network-protocols  2-marks
4.17.6,50 : 52,gatecse-2021-set1  computer-networks  network-protocols  sliding-window  numerical-answers  2-marks
4.17.7,C,gatecse-2021-set1  computer-networks  network-protocols  1-mark
4.17.8,C,gatecse2024-set1  computer-networks  network-protocols
4.17.9,D,gateit-2007  computer-networks  network-protocols  normal
4.17.10,B,gateit-2008  computer-networks  network-protocols  normal
4.18.1,D,gatecse-2005  computer-networks  network-switching  normal
4.18.2,D,gatecse-2014-set2  computer-networks  network-switching  normal
4.18.3,1575,gatecse-2015-set3  computer-networks  normal  numerical-answers  network-switching
4.18.4,B,gateit-2004  computer-networks  network-switching  normal
4.19.1,B,gatecse-2005  computer-networks  routing  normal
4.19.2,D,gatecse-2014-set1  computer-networks  routing  normal
4.19.3,A,gatecse-2014-set2  computer-networks  routing  normal
4.19.4,1,gatecse-2014-set3  computer-networks  routing  normal  numerical-answers
4.19.5,C,gatecse-2017-set2  computer-networks  routing
4.19.6,D,gatecse-2020  computer-networks  routing  1-mark
4.19.7,A;C,gatecse-2023  computer-networks  routing  multiple-selects  1-mark
4.19.8,B,gatecse2024-set1  computer-networks  routing
4.19.9,40,gatecse2024-set1  numerical-answers  computer-networks  routing
4.19.10,C,gateit-2005  computer-networks  routing  normal
4.19.11,A,gateit-2005  computer-networks  routing  normal
4.19.12,C,
4.19.13,D,gateit-2008  computer-networks  routing  normal
4.20.1,B,gatecse-2003  computer-networks  sliding-window  normal
4.20.2,B,gatecse-2005  computer-networks  sliding-window  easy
4.20.3,B,gatecse-2006  computer-networks  sliding-window  normal
4.20.4,C,gatecse-2006  computer-networks  sliding-window  normal
4.20.5,C,gatecse-2007  computer-networks  sliding-window  normal
4.20.6,D,gatecse-2009  computer-networks  sliding-window  normal  isro2016
4.20.7,C,gatecse-2009  computer-networks  sliding-window  normal
4.20.8,5,gatecse-2014-set1  computer-networks  sliding-window  numerical-answers  normal
4.20.9,8,gatecse-2015-set3  computer-networks  sliding-window  normal  numerical-answers
4.20.10,4,gatecse-2016-set2  computer-networks  sliding-window  normal  numerical-answers
4.20.11,C,gateit-2004  computer-networks  sliding-window  normal
4.20.12,B,gateit-2004  computer-networks  sliding-window  normal
4.20.13,B,gateit-2004  computer-networks  sliding-window  normal
4.20.14,A,gateit-2006  computer-networks  sliding-window  normal
4.20.15,A,gateit-2008  computer-networks  sliding-window  normal
4.21.1,D,gatecse-2008  normal  computer-networks  sockets
4.21.2,C,gatecse-2008  computer-networks  sockets  normal
4.21.3,C,gatecse-2014-set2  computer-networks  sockets  easy
4.21.4,B,gatecse-2015-set2  computer-networks  sockets  easy
4.22.1,320,gatecse-2015-set1  computer-networks  stop-and-wait  normal  numerical-answers
4.22.2,2500,gatecse-2016-set1  computer-networks  stop-and-wait  normal  numerical-answers
4.22.3,86.5 : 89.5,gatecse-2017-set1  computer-networks  stop-and-wait  numerical-answers  normal
4.22.4,B,gatecse-2023  computer-networks  stop-and-wait  1-mark
4.22.5,D,gateit-2005  computer-networks  stop-and-wait  normal
4.22.6,B,gateit-2006  computer-networks  sliding-window  stop-and-wait  normal
4.23.1,D,gatecse-2003  computer-networks  subnetting  normal  isro2009
4.23.2,A,gatecse-2004  computer-networks  subnetting  normal
4.23.3,D,gatecse-2005  computer-networks  subnetting  normal
4.23.4,C,gatecse-2006  computer-networks  subnetting  normal
4.23.5,C,gatecse-2007  computer-networks  subnetting  easy  isro2016
4.23.6,C,gatecse-2008  computer-networks  subnetting  easy
4.23.7,D,gatecse-2010  computer-networks  subnetting  easy
4.23.8,A,gatecse-2012  computer-networks  subnetting  normal  isrodec2017
4.23.9,A,gatecse-2015-set2  computer-networks  subnetting  easy
4.23.10,158,gatecse-2015-set3  computer-networks  subnetting  normal  numerical-answers
4.23.11,C,gatecse-2019  computer-networks  subnetting  2-marks
4.23.12,B,gatecse-2020  computer-networks  subnetting  2-marks
4.23.13,B;D,gatecse-2022  computer-networks  subnetting  multiple-selects  2-marks
4.23.14,3,gatecse-2023  computer-networks  subnetting  numerical-answers  2-marks
4.23.15,C,gateit-2004  computer-networks  subnetting  normal
4.23.16,D,gateit-2005  computer-networks  subnetting  normal
4.23.17,C,gateit-2006  computer-networks  subnetting  normal  isro2015
4.23.18,D,gateit-2006  computer-networks  subnetting  normal
4.23.19,C,gateit-2008  computer-networks  subnetting  normal
4.23.20,B,gateit-2008  computer-networks  subnetting  normal
4.24.1,A,gatecse-2009  computer-networks  tcp  difficult  ambiguous
4.24.2,C,gatecse-2012  computer-networks  tcp  easy
4.24.3,B,gatecse-2015-set1  computer-networks  tcp  normal
4.24.4,C,
4.24.5,A,gatecse-2015-set3  computer-networks  tcp  normal
4.24.6,C,gatecse-2016-set2  computer-networks  normal  tcp
4.24.7,D,gatecse-2017-set1  computer-networks  tcp
4.24.8,34 : 35,gatecse-2018  computer-networks  tcp  normal  numerical-answers  1-mark
4.24.9,44,gatecse-2020  numerical-answers  computer-networks  tcp  2-marks
4.24.10,A;B;C,gatecse-2021-set1  multiple-selects  computer-networks  tcp  2-marks
4.24.11,A;C,gatecse-2021-set1  computer-networks  tcp  2-marks  multiple-selects
4.24.12,C,gatecse-2021-set2  computer-networks  tcp  1-mark
4.24.13,33,gatecse-2022  numerical-answers  computer-networks  tcp  2-marks
4.24.14,B;C;D,gatecse-2023  computer-networks  tcp  multiple-selects  2-marks
4.24.15,A;D,gatecse2024-set1  multiple-selects  computer-networks  tcp
4.24.16,4,gatecse2024-set2  numerical-answers  computer-networks  tcp
4.24.17,A,gateit-2004  computer-networks  tcp  normal
4.24.18,A,gateit-2004  computer-networks  tcp  normal
4.24.19,B,gateit-2007  computer-networks  tcp  normal
4.24.20,D,gateit-2007  computer-networks  tcp  normal
4.24.21,B,gateit-2008  computer-networks  tcp  normal
4.25.1,B,gatecse-2008  computer-networks  token-bucket
4.25.2,1.10:1.19,gatecse-2016-set1  computer-networks  token-bucket  normal  numerical-answers
4.26.1,B,gatecse-2005  computer-networks  tcp  udp  easy
4.26.2,C,gatecse-2013  computer-networks  tcp  udp  easy
4.26.3,B,gatecse-2017-set2  computer-networks  udp
4.26.4,D,gateit-2006  computer-networks  tcp  udp  normal
5.1.1,N/A,descriptive  gate1989  databases  b-tree
5.1.2,N/A,gate1994  databases  b-tree  normal  descriptive
5.1.3,N/A,gate1994  databases  b-tree  normal  descriptive
5.1.4,N/A,gate1997  databases  b-tree  normal  descriptive
5.1.5,B,gate1999  databases  b-tree  normal
5.1.6,N/A,gate1999  databases  b-tree  normal  descriptive
5.1.7,B,gatecse-2000  databases  b-tree  normal  ugcnetcse-june2012-paper2
5.1.8,N/A,gatecse-2000  databases  b-tree  normal  descriptive
5.1.9,N/A,gatecse-2001  databases  b-tree  normal  descriptive
5.1.10,N/A,gatecse-2002  databases  b-tree  normal  descriptive
5.1.11,C,gatecse-2002  databases  b-tree  normal  ugcnetcse-june2012-paper2
5.1.12,B,gatecse-2003  databases  b-tree  normal
5.1.13,C,gatecse-2004  databases  b-tree  normal
5.1.14,D,gatecse-2005  databases  b-tree  normal
5.1.15,A,gatecse-2007  databases  b-tree  normal  isro2016
5.1.16,C,gatecse-2008  databases  b-tree  normal
5.1.17,C,gatecse-2009  databases  b-tree  normal
5.1.18,B,gatecse-2010  databases  b-tree  easy
5.1.19,5,gatecse-2015-set2  databases  b-tree  normal  numerical-answers
5.1.20,50,gatecse-2015-set3  databases  b-tree  normal  numerical-answers
5.1.21,A,gatecse-2016-set2  databases  b-tree  normal
5.1.22,52,gatecse-2017-set2  databases  b-tree  numerical-answers  normal
5.1.23,B,gatecse-2019  databases  b-tree  1-mark
5.1.24,A,gatecse2024-set1  databases  b-tree
5.1.25,C,
5.1.26,A,gateit-2005  databases  b-tree  normal  isro2017
5.1.27,C,gateit-2006  databases  b-tree  normal
5.1.28,A,gateit-2007  databases  b-tree  normal
5.1.29,A,gateit-2007  databases  b-tree  normal
5.2.1,N/A,gate1994  databases  easy  database-normalization  candidate-key  descriptive
5.2.2,A,gatecse-2011  databases  normal  candidate-key
5.2.3,8,gatecse-2014-set2  databases  numerical-answers  easy  candidate-key
5.2.4,19,gatecse-2014-set2  databases  numerical-answers  easy  candidate-key
5.2.5,B,gatecse-2014-set3  databases  easy  candidate-key
5.3.1,D,gatecse-2014-set1  databases  transaction-and-concurrency  conflict-serializable  normal
5.3.2,C,gatecse-2014-set2  databases  transaction-and-concurrency  conflict-serializable  normal
5.3.3,A,gatecse-2014-set3  databases  transaction-and-concurrency  conflict-serializable  normal
5.3.4,54,gatecse-2017-set2  databases  transaction-and-concurrency  numerical-answers  conflict-serializable
5.3.5,B,gatecse-2021-set1  databases  transaction-and-concurrency  conflict-serializable  2-marks
5.3.6,B,gatecse-2021-set2  databases  transaction-and-concurrency  conflict-serializable  2-marks
5.3.7,A,gatecse-2022  databases  transaction-and-concurrency  conflict-serializable  2-marks
5.3.8,B;C;D,gatecse2024-set1  databases  conflict-serializable  multiple-selects
5.5.2,N/A,gate1988  normal  descriptive  databases  database-normalization
5.5.3,N/A,gate1988  easy  descriptive  databases  database-normalization
5.5.4,N/A,gate1988  normal  descriptive  databases  database-normalization
5.5.5,N/A,gate1988  normal  descriptive  databases  database-normalization
5.5.6,N/A,gate1990  match-the-following  database-normalization  databases
5.5.7,A;B;D,gate1990  normal  databases  database-normalization  multiple-selects
5.5.9,N/A,gate1995  databases  database-normalization  normal  descriptive
5.5.10,A,gate1997  databases  database-normalization  normal
5.5.11,D,gate1998  databases  database-normalization  easy
5.5.12,N/A,gate1998  databases  database-normalization  normal  descriptive
5.5.13,B,gate1999  databases  database-normalization  easy
5.5.14,D,gate1999  databases  database-normalization  normal  ugcnetjune2014iii
5.5.15,B,gatecse-2000  databases  database-normalization  easy
5.5.16,C,gatecse-2001  databases  database-normalization  normal
5.5.17,A,gatecse-2002  databases  database-normalization  normal
5.5.18,N/A,gatecse-2002  databases  database-normalization  normal  descriptive
5.5.19,C,gatecse-2002  databases  database-normalization  easy
5.5.20,C,gatecse-2002  databases  database-normalization
5.5.21,D,gatecse-2003  databases  database-normalization  normal
5.5.22,B,gatecse-2004  databases  database-normalization  normal
5.5.23,C,gatecse-2005  databases  database-normalization  easy  ugcnetcse-june2015-paper3
5.5.24,D,gatecse-2005  databases  database-normalization  easy
5.5.25,C,gatecse-2006  databases  database-normalization  normal
5.5.26,D,gatecse-2007  databases  database-normalization  normal  ugcnetcse-june2014-paper2
5.5.27,C,gatecse-2008  databases  database-normalization  normal
5.5.28,C,gatecse-2012  databases  easy  database-normalization
5.5.29,B,gatecse-2013  databases  database-normalization  normal
5.5.30,A,gatecse-2013  databases  database-normalization  normal
5.5.31,B,gatecse-2014-set1  databases  database-normalization  normal
5.5.32,A,gatecse-2014-set1  databases  database-normalization  normal
5.5.33,C,gatecse-2015-set3  databases  database-normalization  easy
5.5.34,B,gatecse-2016-set1  databases  database-normalization  easy
5.5.35,B,gatecse-2016-set1  databases  database-normalization  normal
5.5.36,A,gatecse-2017-set1  databases  database-normalization  normal
5.5.37,B,gatecse-2018  databases  database-normalization  normal  2-marks
5.5.38,C,gatecse-2019  databases  database-normalization  2-marks
5.5.39,A,gatecse-2020  databases  database-normalization  2-marks
5.5.40,A,gatecse-2021-set1  databases  database-normalization  2-marks
5.5.41,A;C;D,gatecse-2021-set2  multiple-selects  databases  database-normalization  2-marks
5.5.42,8,gatecse-2022  numerical-answers  databases  database-normalization  1-mark
5.5.43,A,gatecse-2022  databases  database-normalization  1-mark
5.5.44,A;C,gatecse2024-set1  multiple-selects  databases  database-normalization
5.5.45,B;C;D,gatecse2024-set1  multiple-selects  databases  database-normalization
5.5.46,50,gatecse2024-set2  numerical-answers  databases  database-normalization
5.5.47,A;B;D,gate-ds-ai-2024  databases  database-normalization  multiple-selects
5.5.49,B,gateit-2004  databases  database-normalization  normal
5.5.50,A,gateit-2005  databases  database-normalization  easy
5.5.51,B,gateit-2005  databases  database-normalization  normal
5.5.52,B,gateit-2006  databases  database-normalization  normal
5.5.53,A,gateit-2008  databases  database-normalization  normal
5.5.54,D,gateit-2008  databases  database-normalization  normal
5.5.55,A,gate1998  databases  ugcnetcse-june2012-paper3  database-normalization
5.6.1,B,gatecse-2005  databases  er-diagram  normal
5.6.2,B,gatecse-2008  databases  er-diagram  normal
5.6.3,A,
5.6.4,C,gatecse-2012  databases  normal  er-diagram
5.6.5,4,gatecse-2015-set1  databases  er-diagram  normal  numerical-answers
5.6.6,C,gatecse-2017-set2  databases  er-diagram  normal
5.6.7,A,gatecse-2018  databases  er-diagram  normal  1-mark
5.6.8,A,gatecse-2020  databases  er-diagram  1-mark
5.6.9,D,gatecse2024-set1  databases  er-diagram
5.6.10,A,
5.6.11,B,gateit-2004  databases  er-diagram  normal
5.6.12,C,gateit-2005  databases  er-diagram  easy
5.7.1,N/A,gate1989  normal  databases  indexing  descriptive
5.7.2,N/A,gate1990  databases  indexing  descriptive
5.7.3,3,gate1993  databases  indexing  normal  descriptive
5.7.4,C,gate1998  databases  indexing  normal
5.7.5,A,gatecse-2008  easy  databases  indexing  isro2016
5.7.6,C,gatecse-2008  databases  indexing  normal
5.7.7,C,gatecse-2011  databases  indexing  normal
5.7.8,C,gatecse-2013  databases  indexing  normal
5.7.9,C,gatecse-2015-set1  databases  indexing  easy
5.7.10,4,gatecse-2020  numerical-answers  databases  b-tree  indexing  2-marks
5.7.11,698 : 698,gatecse-2021-set2  numerical-answers  databases  indexing  1-mark
5.7.12,6,gatecse-2023  databases  file-system  indexing  numerical-answers  2-marks
5.7.13,A;B,gatecse2024-set2  databases  multiple-selects  indexing
5.8.1,A,gatecse-2004  databases  easy  joins  natural-join
5.8.2,A,gatecse-2012  databases  joins  normal
5.8.3,A,gatecse-2014-set2  databases  normal  joins
5.8.4,C,gateit-2005  databases  normal  joins
5.8.5,B,gateit-2005  databases  normal  joins
5.8.6,A,gateit-2006  databases  joins  natural-join  normal
5.8.7,A,gateit-2007  databases  joins  relational-algebra  normal
5.9.1,C,gateit-2007  databases  database-normalization  multivalued-dependency-4nf  normal
5.10.1,C,
5.10.2,A,gatecse-2010  databases  normal  natural-join  database-normalization
5.10.3,C,gatecse-2015-set2  databases  normal  natural-join
5.11.1,N/A,gate1997  databases  sql  descriptive  normal  relational-algebra  query
5.12.1,B,gate1997  databases  referential-integrity  easy  isro2016
5.12.2,C,gatecse-2005  databases  referential-integrity  normal
5.12.3,A,gatecse-2012  databases  relational-algebra  normal  referential-integrity
5.12.4,0.00,gatecse-2017-set2  databases  numerical-answers  referential-integrity  normal
5.12.5,D,gatecse-2021-set2  databases  referential-integrity  1-mark
5.13.1,N/A,gate1992  databases  relational-algebra  normal  descriptive
5.13.2,N/A,gate1994  databases  relational-algebra  sql  normal  descriptive
5.13.3,N/A,gate1994  databases  relational-algebra  normal  descriptive
5.13.4,N/A,gate1995  databases  relational-algebra  normal  descriptive
5.13.5,N/A,gate1996  databases  relational-algebra  descriptive
5.13.6,N/A,gate1997  databases  sql  relational-algebra  descriptive
5.13.7,D,gate1998  normal  relational-algebra
5.13.8,N/A,gate1998  databases  relational-algebra  normal  descriptive
5.13.9,B,gate1999  databases  relational-algebra  easy  isro2016
5.13.10,C,gatecse-2000  databases  relational-algebra  easy  isro2016
5.13.11,D,gatecse-2001  databases  relational-algebra  normal
5.13.12,C,gatecse-2001  databases  relational-algebra
5.13.13,N/A,gatecse-2002  databases  normal  descriptive  relational-algebra  sql
5.13.14,A,gatecse-2003  databases  relational-algebra  normal
5.13.15,D,gatecse-2004  databases  relational-algebra  normal
5.13.16,B,gatecse-2007  databases  relational-algebra  normal
5.13.17,D,gatecse-2008  databases  relational-algebra  normal
5.13.18,A,gatecse-2014-set3  databases  relational-algebra  easy
5.13.19,D,gatecse-2014-set3  databases  relational-algebra  normal
5.13.20,D,gatecse-2015-set1  databases  sql  relational-algebra  easy
5.13.21,4,gatecse-2017-set1  databases  relational-algebra  normal  numerical-answers
5.13.22,C,gatecse-2018  databases  relational-algebra  normal  2-marks
5.13.23,1,gatecse-2019  numerical-answers  databases  relational-algebra  2-marks
5.13.24,C,gatecse-2021-set1  databases  relational-algebra  2-marks
5.13.25,A;B,gatecse-2022  databases  relational-algebra  multiple-selects  1-mark
5.13.26,2,gatecse2024-set1  numerical-answers  databases  relational-algebra
5.13.27,B,gatecse2024-set2  databases  relational-algebra
5.13.28,C,gate-ds-ai-2024  relational-algebra  databases
5.13.29,B,gateit-2005  databases  sql  relational-algebra  normal
5.14.1,N/A,gate1993  databases  sql  relational-calculus  normal  descriptive
5.14.2,N/A,gate1993  databases  sql  relational-calculus  normal  descriptive
5.14.3,D,gate1998  databases  relational-calculus  normal
5.14.4,C,gate1999  databases  relational-calculus  normal
5.14.5,C,gatecse-2001  relational-calculus  normal  databases
5.14.6,C,gatecse-2002  databases  relational-calculus  normal
5.14.7,B,gatecse-2004  databases  relational-calculus  easy
5.14.8,C,gatecse-2007  databases  relational-calculus  normal
5.14.9,C,gatecse-2008  databases  relational-calculus  normal
5.14.10,A,gatecse-2009  databases  relational-calculus  difficult
5.14.11,A,gatecse-2013  databases  sql  relational-calculus  normal
5.14.12,D,gatecse-2017-set1  databases  relational-calculus  safe-query  normal
5.14.13,D,gateit-2006  databases  relational-algebra  relational-calculus  easy
5.14.14,D,gateit-2007  databases  relational-calculus  probability  normal
5.14.15,C,gateit-2008  databases  relational-calculus  normal
5.15.1,A,gatecse-2023  databases  relational-model  1-mark  easy
5.16.1,N/A,gate1988  normal  descriptive  databases  sql
5.16.2,N/A,gate1988  normal  descriptive  databases  sql
5.16.3,N/A,gate1990  descriptive  databases  sql
5.16.4,N/A,sql  gate1991  normal  databases  descriptive
5.16.5,N/A,gate1991  databases  sql  normal  descriptive
5.16.6,N/A,gate1998  databases  sql  descriptive
5.16.7,D,gate1999  databases  sql  easy
5.16.8,N/A,gate1999  databases  sql  easy  descriptive
5.16.9,N/A,gate1999  databases  sql  descriptive  easy
5.16.10,A,gatecse-2000  databases  sql
5.16.11,C,gatecse-2000  databases  sql  normal
5.16.12,N/A,gatecse-2000  databases  sql  normal  descriptive
5.16.13,C,gatecse-2001  databases  sql  normal
5.16.14,N/A,gatecse-2001  databases  sql  normal  descriptive
5.16.15,N/A,gatecse-2001  databases  sql  normal  descriptive
5.16.16,N/A,gatecse-2001  databases  sql  normal  descriptive
5.16.17,C,gatecse-2003  databases  sql  easy
5.16.18,D,gatecse-2004  databases  sql  normal
5.16.19,D,gatecse-2005  databases  sql  easy  isro2016
5.16.20,C,gatecse-2006  databases  sql  normal
5.16.21,B,gatecse-2006  databases  sql  normal
5.16.22,C,gatecse-2006  databases  sql  normal
5.16.23,A,gatecse-2007  databases  sql  normal  verbal-aptitude
5.16.24,X,gatecse-2009  databases  sql  normal
5.16.25,A,gatecse-2009  databases  sql  database-normalization  normal
5.16.26,C,gatecse-2010  databases  sql  normal
5.16.27,A,gatecse-2011  databases  sql  normal
5.16.28,C,gatecse-2011  databases  sql  normal
5.16.29,C,gatecse-2012  databases  easy  sql  ambiguous
5.16.30,B,gatecse-2012  databases  sql  normal
5.16.31,D,gatecse-2014-set1  databases  normal  sql
5.16.32,B,gatecse-2014-set1  databases  sql  normal
5.16.33,C,gatecse-2014-set2  databases  sql  normal
5.16.34,D,gatecse-2014-set3  databases  sql  easy
5.16.35,2,gatecse-2015-set1  databases  sql  normal  numerical-answers
5.16.36,A,gatecse-2015-set3  databases  sql  normal
5.16.37,2,gatecse-2016-set2  databases  sql  normal  numerical-answers
5.16.38,2.6,gatecse-2017-set1  databases  sql  numerical-answers
5.16.39,7,gatecse-2017-set2  databases  sql  numerical-answers
5.16.40,D,
5.16.41,5,gatecse-2019  numerical-answers  databases  sql  2-marks
5.16.42,A,gatecse-2020  databases  sql  1-mark
5.16.44,B,gatecse-2021-set2  databases  sql  easy  2-marks
5.16.45,2,gatecse-2022  numerical-answers  databases  sql  2-marks
5.16.46,2,gatecse-2023  databases  sql  numerical-answers  2-marks  easy
5.16.47,3,gate-ds-ai-2024  numerical-answers  databases  sql
5.16.48,A;B,gate-ds-ai-2024  sql  databases
5.16.49,D,gateit-2004  databases  sql  normal
5.16.50,C,gateit-2004  databases  sql  normal
5.16.51,C,gateit-2004  databases  sql  normal
5.16.52,D,gateit-2005  databases  sql  normal
5.16.53,A,gateit-2006  databases  sql  normal
5.16.54,B,gateit-2006  databases  sql  normal
5.16.55,D,gateit-2008  databases  sql  normal
5.17.1,D,gate1999  databases  transaction-and-concurrency  normal
5.17.2,D,gatecse-2003  databases  transaction-and-concurrency  easy  isro2009
5.17.3,D,gatecse-2003  databases  transaction-and-concurrency  normal
5.17.4,B,gatecse-2006  databases  transaction-and-concurrency  normal  isro2015
5.17.5,C,gatecse-2007  databases  transaction-and-concurrency  normal
5.17.6,B,gatecse-2009  databases  transaction-and-concurrency  normal
5.17.7,B,gatecse-2010  databases  transaction-and-concurrency  normal
5.17.8,A,gatecse-2010  databases  transaction-and-concurrency  normal
5.17.9,B,gatecse-2012  databases  transaction-and-concurrency  normal
5.17.10,B,gatecse-2015-set2  databases  transaction-and-concurrency  easy
5.17.11,A,gatecse-2015-set2  databases  transaction-and-concurrency  normal
5.17.12,B,gatecse-2015-set3  databases  transaction-and-concurrency  normal
5.17.13,D,gatecse-2016-set1  databases  transaction-and-concurrency  easy
5.17.14,A,gatecse-2016-set1  databases  transaction-and-concurrency  normal
5.17.15,A,gatecse-2016-set2  databases  transaction-and-concurrency  normal
5.17.16,C,gatecse-2016-set2  databases  transaction-and-concurrency  normal
5.17.17,A,gatecse-2017-set1  databases  timestamp-ordering  normal  transaction-and-concurrency
5.17.18,C,
5.17.19,A,gatecse-2020  databases  transaction-and-concurrency  2-marks
5.17.20,A,gatecse-2021-set1  multiple-selects  databases  transaction-and-concurrency  1-mark
5.17.21,A;C;D,gatecse2024-set2  databases  two-phase-locking-protocol  multiple-selects  transaction-and-concurrency
5.17.22,A,gatecse2024-set2  databases  transaction-and-concurrency
5.17.23,C,gateit-2004  databases  normal  transaction-and-concurrency
5.17.24,X,gateit-2004  databases  transaction-and-concurrency  normal
5.17.25,D,gateit-2005  databases  transaction-and-concurrency  easy
5.17.26,D,gateit-2005  databases  transaction-and-concurrency  normal
5.17.27,C,gateit-2007  databases  transaction-and-concurrency  normal
5.17.28,D,
6.1.1,N/A,gate1988  digital-logic  descriptive  adder
6.1.2,N/A,gate1990  digital-logic  adder  fill-in-the-blanks
6.1.3,B,gate1997  digital-logic  normal  adder
6.1.4,B,
6.1.5,A,gatecse-2003  digital-logic  normal  adder
6.1.6,B,gatecse-2004  digital-logic  normal  adder
6.1.7,19.2,gatecse-2015-set2  digital-logic  adder  normal  numerical-answers
6.1.8,B,gatecse-2016-set1  digital-logic  adder  normal
6.1.9,-1,gatecse-2016-set2  digital-logic  adder  normal  numerical-answers
6.2.1,B,gate1999  digital-logic  normal  array-multiplier
6.2.2,C,gatecse-2003  digital-logic  normal  array-multiplier
6.3.1,D,gate1987  digital-logic  boolean-algebra  functions  combinatory
6.3.2,C,gate1987  digital-logic  boolean-algebra  easy
6.3.3,N/A,gate1988  digital-logic  descriptive  boolean-algebra
6.3.4,N/A,gate1989  descriptive  digital-logic  boolean-algebra
6.3.5,N/A,gate1989  descriptive  digital-logic  boolean-algebra
6.3.6,D,gate1992  easy  digital-logic  boolean-algebra  multiple-selects
6.3.7,N/A,gate1994  digital-logic  normal  boolean-algebra  descriptive
6.3.8,A,gate1995  digital-logic  boolean-algebra  easy
6.3.9,B,gate1997  digital-logic  normal  boolean-algebra
6.3.10,D,gate1998  digital-logic  normal  boolean-algebra
6.3.11,C,gate1998  digital-logic  easy  boolean-algebra
6.3.12,D,gate1999  digital-logic  easy  boolean-algebra
6.3.13,C,gatecse-2000  digital-logic  boolean-algebra  easy
6.3.14,C,gatecse-2002  digital-logic  boolean-algebra  normal
6.3.15,D,gatecse-2004  digital-logic  easy  boolean-algebra
6.3.16,D,gatecse-2007  digital-logic  normal  boolean-algebra
6.3.17,D,gatecse-2007  digital-logic  normal  boolean-algebra
6.3.18,A,gatecse-2008  easy  digital-logic  boolean-algebra
6.3.19,A,gatecse-2012  digital-logic  easy  boolean-algebra
6.3.20,D,gatecse-2013  digital-logic  easy  boolean-algebra
6.3.21,D,gatecse-2014-set2  digital-logic  normal  dual-function  boolean-algebra
6.3.22,D,gatecse-2014-set3  digital-logic  normal  boolean-algebra
6.3.23,1,gatecse-2015-set2  digital-logic  boolean-algebra  normal  numerical-answers
6.3.24,A,gatecse-2016-set1  digital-logic  boolean-algebra  easy
6.3.25,C,gatecse-2016-set2  digital-logic  boolean-algebra  normal
6.3.26,C,gatecse-2017-set2  digital-logic  boolean-algebra  normal
6.3.27,D,gatecse-2018  digital-logic  normal  boolean-algebra  1-mark
6.3.28,B,gatecse-2019  digital-logic  boolean-algebra  1-mark
6.3.29,B;C;D,gatecse-2021-set1  multiple-selects  digital-logic  boolean-algebra  2-marks
6.3.30,B;C,gatecse2024-set2  digital-logic  boolean-algebra  easy  multiple-selects
6.3.31,B,
6.3.32,C,gateit-2005  digital-logic  normal  boolean-algebra
6.4.1,N/A,gate1990  descriptive  digital-logic  booths-algorithm
6.4.2,A,gate1996  digital-logic  booths-algorithm  normal
6.4.3,B,gate1999  digital-logic  number-representation  booths-algorithm  normal
6.4.4,A,gateit-2005  digital-logic  booths-algorithm  normal
6.4.5,C,gateit-2006  digital-logic  booths-algorithm  difficult
6.4.6,B,gateit-2008  digital-logic  booths-algorithm  normal
6.5.1,A,gatecse-2002  digital-logic  normal  canonical-normal-form  circuit-output
6.5.2,A,gatecse-2007  digital-logic  normal  conjunctive-normal-form  canonical-normal-form
6.5.3,C,gatecse-2008  digital-logic  canonical-normal-form  easy
6.5.4,A,gatecse-2010  digital-logic  canonical-normal-form  normal
6.5.5,3,gatecse-2015-set3  digital-logic  canonical-normal-form  normal  numerical-answers
6.5.6,A,gatecse-2015-set3  digital-logic  canonical-normal-form  normal
6.5.7,3,gatecse-2019  numerical-answers  digital-logic  canonical-normal-form  2-marks
6.5.8,B,gatecse-2020  digital-logic  canonical-normal-form  2-marks
6.5.9,C;D,gatecse2024-set2  digital-logic  canonical-normal-form  multiple-selects
6.6.1,A,gatecse-2006  digital-logic  normal  carry-generator  adder
6.6.2,B,gatecse-2007  digital-logic  normal  carry-generator  adder
6.7.1,B,gate1987  digital-logic  combinational-circuit  multiplexer  circuit-output
6.7.2,N/A,gate1989  descriptive  digital-logic  circuit-output
6.7.3,C,gate1990  normal  digital-logic  circuit-output
6.7.4,N/A,gate1991  digital-logic  normal  circuit-output  sequential-circuit  descriptive
6.7.5,N/A,gate1993  digital-logic  sequential-circuit  flip-flop  circuit-output  normal  descriptive
6.7.6,A;C,gate1993  digital-logic  sequential-circuit  flip-flop  digital-counter  circuit-output  multiple-selects
6.7.7,B,gate1993  digital-logic  combinational-circuit  circuit-output  normal
6.7.8,B,gate1993  digital-logic  normal  circuit-output  sequential-circuit
6.7.9,B,gate1994  digital-logic  circuit-output  normal
6.7.10,011,gate1994  digital-logic  sequential-circuit  digital-counter  circuit-output  normal  descriptive
6.7.11,D,gate1996  digital-logic  circuit-output  normal
6.7.12,C,gate1996  digital-logic  circuit-output  easy  multiplexer
6.7.13,N/A,gate1996  digital-logic  circuit-output  normal  descriptive
6.7.14,N/A,gate1996  normal  digital-logic  circuit-output  descriptive
6.7.15,B,gate1997  digital-logic  circuit-output  normal
6.7.16,B,gate1999  digital-logic  circuit-output  normal
6.7.17,A,gatecse-2000  digital-logic  circuit-output  normal  flip-flop
6.7.18,A,gatecse-2001  digital-logic  circuit-output  normal
6.7.19,A,gatecse-2002  digital-logic  circuit-output  normal
6.7.20,D,gatecse-2004  digital-logic  circuit-output  normal
6.7.21,A,gatecse-2005  digital-logic  circuit-output  normal
6.7.22,A,gatecse-2005  digital-logic  circuit-output  normal
6.7.23,D,gatecse-2005  digital-logic  circuit-output
6.7.24,A,gatecse-2006  digital-logic  circuit-output  normal
6.7.25,C,gatecse-2006  digital-logic  circuit-output  easy
6.7.26,C,gatecse-2006  digital-logic  normal  circuit-output
6.7.27,C,gatecse-2007  digital-logic  circuit-output  normal
6.7.28,A,gatecse-2010  digital-logic  circuit-output  normal
6.7.29,A,gatecse-2010  digital-logic  circuit-output  normal
6.7.30,B,gatecse-2010  digital-logic  circuit-output  easy
6.7.31,D,gatecse-2011  digital-logic  circuit-output  flip-flop  normal
6.7.32,B,gatecse-2011  digital-logic  circuit-output  normal
6.7.33,C,gatecse-2014-set3  digital-logic  circuit-output  normal
6.7.34,C,gateit-2005  digital-logic  circuit-output  normal
6.7.35,X,gateit-2005  digital-logic  circuit-output  normal
6.7.36,D,gateit-2006  digital-logic  circuit-output  normal
6.7.37,C,gateit-2007  digital-logic  circuit-output  normal
6.7.38,A,gateit-2007  digital-logic  circuit-output  normal
6.7.39,D,gateit-2007  digital-logic  circuit-output  normal
6.8.1,C,gatecse-2022  digital-logic  combinational-circuit  2-marks
6.8.2,A;C,gatecse2024-set1  multiple-selects  digital-logic  combinational-circuit
6.9.1,C,gatecse-2007  digital-logic  normal  isro2011  decoder
6.9.2,1034,gatecse-2020  numerical-answers  digital-logic  decoder  1-mark
6.9.3,B,gateit-2008  digital-logic  circuit-output  decoder  normal
6.10.1,N/A,gate1996  digital-logic  normal  digital-circuits  descriptive
6.10.2,N/A,gatecse-2002  digital-logic  normal  descriptive  digital-circuits
6.10.3,D,gatecse-2003  digital-logic  digital-circuits
6.10.4,D,gatecse-2011  digital-logic  normal  digital-circuits
6.10.5,A,gatecse-2013  digital-logic  normal  digital-circuits
6.10.6,C,gatecse-2014-set3  digital-logic  easy  digital-circuits
6.11.1,C,gate1987  digital-logic  sequential-circuit  flip-flop  digital-counter
6.11.2,N/A,gate1987  digital-logic  digital-counter  descriptive
6.11.3,N/A,gate1990  descriptive  digital-logic  sequential-circuit  flip-flop  digital-counter
6.11.4,33.33,gate1991  digital-logic  sequential-circuit  flip-flop  digital-counter
6.11.5,N/A,gate1994  digital-logic  sequential-circuit  flip-flop  digital-counter  fill-in-the-blanks
6.11.6,N/A,gatecse-2002  digital-logic  normal  descriptive  digital-counter
6.11.7,A,gatecse-2011  digital-logic  normal  digital-counter
6.11.8,C,gatecse-2014-set2  digital-logic  normal  digital-counter
6.11.9,D,gatecse-2015-set1  digital-logic  digital-counter  easy
6.11.10,3,gatecse-2015-set2  digital-logic  digital-counter  normal  numerical-answers
6.11.11,4,gatecse-2016-set1  digital-logic  digital-counter  flip-flop  normal  numerical-answers
6.11.12,B,gatecse-2017-set2  digital-logic  digital-counter
6.11.13,A,gatecse-2021-set1  digital-logic  sequential-circuit  digital-counter  2-marks
6.11.14,A,gatecse-2023  digital-logic  flip-flop  2-marks  digital-counter
6.11.15,D,gateit-2005  digital-logic  digital-counter  normal
6.11.16,D,gateit-2008  digital-logic  boolean-algebra  normal  digital-counter
6.11.17,N/A,gate1992  digital-logic  sequential-circuit  flip-flop  digital-counter  normal  descriptive
6.12.2,B,gate1995  digital-logic  normal  finite-state-machines
6.12.3,B,gate1996  normal  digital-logic  finite-state-machines
6.12.4,A,
6.13.1,D,gatecse-2017-set1  digital-logic  number-representation  fixed-point-representation
6.13.2,C,gatecse-2018  digital-logic  number-representation  fixed-point-representation  normal  2-marks
6.14.1,N/A,gatecse-2001  digital-logic  normal  descriptive  flip-flop
6.14.2,C,gatecse-2004  digital-logic  easy  isro2007  flip-flop
6.14.3,A,gatecse-2015-set1  digital-logic  flip-flop  normal
6.14.4,B,gatecse-2017-set1  digital-logic  flip-flop  normal
6.14.5,2,gatecse-2018  digital-logic  flip-flop  numerical-answers  normal  1-mark
6.14.6,D,gateit-2007  digital-logic  normal  flip-flop
6.15.1,C,gate1987  digital-logic  number-representation  floating-point-representation
6.15.2,N/A,descriptive  gate1989  digital-logic  number-representation  floating-point-representation
6.15.3,N/A,gate1990  digital-logic  number-representation  floating-point-representation  fill-in-the-blanks
6.15.4,N/A,gate1990  digital-logic  number-representation  floating-point-representation  fill-in-the-blanks
6.15.5,N/A,gate1997  digital-logic  floating-point-representation  normal  descriptive
6.15.6,C,gatecse-2003  digital-logic  number-representation  floating-point-representation  normal
6.15.7,D,gatecse-2005  digital-logic  number-representation  floating-point-representation  normal
6.15.8,D,gatecse-2005  digital-logic  number-representation  floating-point-representation  normal
6.16.1,N/A,gate1989  descriptive  digital-logic  functional-completeness
6.16.2,B;C,gate1992  normal  digital-logic  digital-circuits  multiple-selects  functional-completeness  combinational-circuit
6.16.3,N/A,gate1993  digital-logic  combinational-circuit  adder  descriptive  functional-completeness
6.16.4,N/A,gate1998  digital-logic  functional-completeness  descriptive
6.16.5,B;C,gate1999  digital-logic  normal  functional-completeness  multiple-selects
6.16.6,B,gatecse-2015-set1  boolean-algebra  difficult  functional-completeness
6.16.7,A,gateit-2008  digital-logic  easy  functional-completeness
6.17.1,D,gatecse-2008  digital-logic  floating-point-representation  ieee-representation  easy
6.17.2,B,gatecse-2012  digital-logic  normal  number-representation  ieee-representation
6.17.3,A,gatecse-2014-set2  digital-logic  number-representation  normal  ieee-representation
6.17.4,C,gatecse-2017-set2  digital-logic  number-representation  floating-point-representation  ieee-representation
6.17.5,B,gatecse-2020  floating-point-representation  digital-logic  2-marks  ieee-representation
6.17.6,-7.75 : -7.75,gatecse-2021-set1  digital-logic  number-representation  ieee-representation  numerical-answers  1-mark  floating-point-representation
6.17.7,C,gatecse-2021-set2  digital-logic  number-representation  ieee-representation  1-mark  floating-point-representation
6.17.8,B,gatecse-2022  digital-logic  ieee-representation  number-representation  2-marks  floating-point-representation
6.17.9,C,gatecse-2023  digital-logic  number-representation  ieee-representation  2-marks  floating-point-representation
6.17.10,B,gatecse2024-set2  digital-logic  number-representation  ieee-representation  floating-point-representation
6.17.11,C,gateit-2008  digital-logic  number-representation  floating-point-representation  ieee-representation  normal
6.18.1,D,gate1987  digital-logic  k-map
6.18.2,N/A,gate1988  descriptive  digital-logic  k-map
6.18.3,N/A,gate1992  digital-logic  k-map  normal  fill-in-the-blanks
6.18.4,N/A,gate1995  digital-logic  k-map  normal  descriptive
6.18.5,N/A,gate1995  digital-logic  boolean-algebra  k-map  normal  descriptive
6.18.6,C,gate1996  digital-logic  k-map  easy
6.18.7,C,gate1998  digital-logic  k-map  normal
6.18.8,B,gate1999  digital-logic  k-map  easy
6.18.9,D,gatecse-2000  digital-logic  k-map  normal
6.18.10,A,gatecse-2001  k-map  digital-logic  normal
6.18.11,B,gatecse-2002  digital-logic  k-map  normal
6.18.12,C,gatecse-2003  digital-logic  k-map  normal
6.18.13,A,gatecse-2008  digital-logic  k-map  easy
6.18.14,B,gatecse-2012  digital-logic  k-map  easy
6.18.15,1,gatecse-2017-set1  digital-logic  k-map  numerical-answers  normal
6.18.16,A,gatecse-2019  digital-logic  k-map  digital-circuits  2-marks
6.18.17,D,gateit-2006  digital-logic  k-map  normal
6.18.18,A,gateit-2007  digital-logic  k-map  normal
6.18.19,C,gateit-2007  digital-logic  k-map  normal
6.19.1,C,gate1995  digital-logic  memory-interfacing  normal
6.19.2,C,gatecse-2009  digital-logic  memory-interfacing  easy  isro2015
6.19.3,B,gatecse-2010  digital-logic  memory-interfacing  normal
6.19.4,C,gateit-2005  digital-logic  memory-interfacing  normal
6.20.1,N/A,gatecse-2000  digital-logic  min-no-gates  descriptive
6.20.2,B,gatecse-2004  digital-logic  normal  min-no-gates
6.20.3,B,gatecse-2009  digital-logic  min-no-gates  normal
6.20.4,B,gateit-2004  digital-logic  min-no-gates  normal
6.21.1,N/A,gate1990  digital-logic  boolean-algebra  min-product-of-sums  canonical-normal-form  descriptive
6.21.2,A,gatecse-2017-set2  digital-logic  min-product-of-sums
6.22.1,N/A,gate1988  descriptive  digital-logic  easy  circuit-output  min-sum-of-products-form
6.22.2,N/A,gate1991  digital-logic  boolean-algebra  min-sum-of-products-form  descriptive
6.22.3,9,gate1997  digital-logic  min-sum-of-products-form  numerical-answers
6.22.4,N/A,gatecse-2001  digital-logic  normal  descriptive  min-sum-of-products-form
6.22.5,A,gatecse-2005  digital-logic  normal  min-sum-of-products-form
6.22.6,B,gatecse-2007  digital-logic  normal  min-sum-of-products-form  k-map
6.22.7,B,gatecse-2011  digital-logic  normal  min-sum-of-products-form
6.22.8,A,gatecse-2014-set1  digital-logic  normal  multiplexer  min-sum-of-products-form
6.22.9,A,gatecse-2014-set1  digital-logic  normal  min-sum-of-products-form
6.22.10,B,gatecse-2014-set3  digital-logic  min-sum-of-products-form  normal
6.22.11,3,gatecse-2018  digital-logic  min-sum-of-products-form  numerical-answers  2-marks
6.22.12,6 : 6,gatecse-2021-set2  digital-logic  boolean-algebra  min-sum-of-products-form  numerical-answers  2-marks
6.22.13,A;B,gatecse2024-set1  multiple-selects  digital-logic  min-sum-of-products-form
6.22.14,A,gateit-2008  digital-logic  normal  min-sum-of-products-form
6.23.1,N/A,gate1990  descriptive  digital-logic  combinational-circuit  multiplexer
6.23.2,C,gate1998  digital-logic  multiplexer  easy
6.23.3,C,gatecse-2001  digital-logic  normal  multiplexer
6.23.4,A,gatecse-2004  digital-logic  normal  multiplexer
6.23.5,C,gatecse-2007  digital-logic  normal  multiplexer
6.23.6,D,gatecse-2016-set1  digital-logic  multiplexer  normal
6.23.7,5,gatecse-2020  numerical-answers  digital-logic  multiplexer  1-mark
6.23.8,A,gatecse-2021-set2  digital-logic  combinational-circuit  multiplexer  1-mark
6.23.9,B,gatecse-2023  digital-logic  combinational-circuit  multiplexer  1-mark
6.23.10,C,gatecse-2023  digital-logic  combinational-circuit  multiplexer  2-marks
6.23.11,4,gatecse2024-set1  numerical-answers  digital-logic  multiplexer
6.23.12,D,gateit-2005  digital-logic  normal  multiplexer
6.23.13,A,gateit-2007  digital-logic  normal  multiplexer
6.23.14,N/A,gate1992  digital-logic  combinational-circuit  multiplexer  descriptive
6.24.1,12,gate1988  digital-logic  normal  number-representation  descriptive
6.24.2,N/A,gate1990  digital-logic  number-representation  fill-in-the-blanks
6.24.3,9,gate1991  digital-logic  number-representation  normal  numerical-answers
6.24.4,N/A,gate1991  digital-logic  normal  number-representation  fill-in-the-blanks
6.24.5,N/A,gate1992  digital-logic  normal  number-representation  descriptive
6.24.6,N/A,
6.24.7,N/A,gate1994  digital-logic  number-representation  easy  fill-in-the-blanks
6.24.8,N/A,gate1995  digital-logic  number-representation  normal  descriptive
6.24.9,C,gate1995  digital-logic  number-representation  normal  isro2015
6.24.10,D,gate1996  digital-logic  number-representation  normal
6.24.11,C,gate1997  digital-logic  number-representation  normal
6.24.12,D,gate1998  digital-logic  number-representation  normal
6.24.13,C,gate1998  digital-logic  number-representation  normal
6.24.14,A;C,gate1999  digital-logic  number-representation  easy  multiple-selects
6.24.15,C,gatecse-2000  digital-logic  number-representation  easy
6.24.16,B,gatecse-2000  digital-logic  number-representation  normal
6.24.17,C,gatecse-2001  digital-logic  number-representation  easy
6.24.18,B,gatecse-2002  digital-logic  number-representation  easy
6.24.19,D,gatecse-2002  digital-logic  number-representation  easy
6.24.20,D,gatecse-2002  digital-logic  easy  number-representation
6.24.21,B,gatecse-2002  digital-logic  number-representation  normal
6.24.22,N/A,gatecse-2002  digital-logic  number-representation  normal  descriptive
6.24.23,A,gatecse-2003  digital-logic  number-representation  normal
6.24.24,D,gatecse-2004  digital-logic  number-representation  easy
6.24.25,A,gatecse-2004  digital-logic  number-representation  normal
6.24.26,A,gatecse-2004  digital-logic  number-representation  easy
6.24.27,A,gatecse-2005  digital-logic  number-representation  easy  isro2009  isro2015
6.24.28,A,gatecse-2005  digital-logic  number-representation  easy
6.24.29,B,gatecse-2006  digital-logic  number-representation  normal
6.24.30,C,gatecse-2006  digital-logic  number-representation  binary-codes  normal
6.24.31,D,gatecse-2008  digital-logic  number-representation  normal
6.24.32,B,gatecse-2009  digital-logic  number-representation  isro2017
6.24.33,A,gatecse-2010  digital-logic  number-representation  normal
6.24.34,B,gatecse-2013  digital-logic  number-representation  easy
6.24.35,5,gatecse-2014-set1  digital-logic  number-representation  numerical-answers  normal
6.24.36,3,gatecse-2014-set2  digital-logic  number-representation  numerical-answers  normal
6.24.37,5,gatecse-2015-set3  digital-logic  number-representation  normal  numerical-answers
6.24.38,-11,gatecse-2016-set1  digital-logic  number-representation  normal  numerical-answers
6.24.39,1,gatecse-2016-set2  digital-logic  number-representation  normal  numerical-answers
6.24.40,C,gatecse-2017-set1  digital-logic  number-representation
6.24.41,D,gatecse-2017-set2  digital-logic  number-representation
6.24.42,0.502 : 0.504,gatecse-2019  numerical-answers  digital-logic  number-representation  probability  1-mark
6.24.43,C,gatecse-2019  digital-logic  number-representation  1-mark
6.24.44,C,gatecse-2019  digital-logic  number-representation  1-mark
6.24.45,A,gatecse-2021-set1  digital-logic  number-representation  normal  1-mark
6.24.46,3 : 3,gatecse-2021-set2  numerical-answers  digital-logic  number-representation  1-mark
6.24.47,A;D,gatecse-2021-set2  multiple-selects  digital-logic  number-representation  little-endian-big-endian  2-marks
6.24.48,B,gatecse-2022  digital-logic  number-representation  1-mark
6.24.49,110,gatecse-2023  digital-logic  number-representation  numerical-answers  1-mark
6.24.50,B,gatecse2024-set1  digital-logic  number-representation
6.24.51,A;B;D,gatecse2024-set2  digital-logic  number-representation  multiple-selects
6.24.52,B,gateit-2004  digital-logic  number-representation  normal
6.24.53,A,gateit-2004  digital-logic  number-representation  normal
6.24.54,A,gateit-2005  digital-logic  number-representation  normal
6.24.55,C,gateit-2006  digital-logic  number-representation  normal  isro2009
6.24.56,A,gateit-2007  digital-logic  number-representation  normal
6.24.57,B,gateit-2008  digital-logic  number-representation  normal
6.25.1,C,gate1997  digital-logic  normal  prime-implicants
6.25.2,A,gatecse-2004  digital-logic  normal  prime-implicants
6.26.1,N/A,gate1993  digital-logic  normal  rom  descriptive
6.26.2,D,gate1996  digital-logic  normal  rom
6.26.3,D,gatecse-2012  digital-logic  normal  rom
6.26.4,B,gateit-2004  digital-logic  normal  rom
6.27.1,D,gate1987  digital-logic  circuit-output  sequential-circuit  digital-counter  shift-registers
6.27.2,N/A,gate1991  digital-logic  difficult  sequential-circuit  flip-flop  shift-registers  descriptive
6.28.1,D,gatecse-2006  digital-logic  min-sum-of-products-form  difficult  static-hazard
6.29.1,B,gate1991  digital-logic  normal  sequential-circuit  synchronous-asynchronous-circuits  multiple-selects
6.29.2,N/A,gate1998  digital-logic  normal  descriptive  synchronous-asynchronous-circuits
6.29.3,B,gatecse-2001  digital-logic  normal  synchronous-asynchronous-circuits
6.29.4,A,gatecse-2003  digital-logic  synchronous-asynchronous-circuits  normal
7.1.1,C,gate1999  operating-system  context-switch  normal
7.1.2,B,gatecse-2000  operating-system  easy  isro2008  context-switch
7.1.3,C,gatecse-2011  operating-system  context-switch  easy  ugcnetcse-june2013-paper3
7.1.4,A;B,gatecse2024-set2  operating-system  multiple-selects  context-switch
7.2.1,2,gatecse-2018  operating-system  deadlock-prevention-avoidance-detection  easy  numerical-answers  1-mark
7.2.2,A,gatecse-2018  operating-system  deadlock-prevention-avoidance-detection  normal  2-marks
7.2.3,A;B;C,gatecse-2021-set2  multiple-selects  operating-system  deadlock-prevention-avoidance-detection  2-marks
7.2.4,A,gateit-2004  operating-system  normal  deadlock-prevention-avoidance-detection
7.3.1,N/A,gate1990  operating-system  disk  descriptive
7.3.2,N/A,gate1993  operating-system  disk  normal  descriptive
7.3.3,B,gate1993  operating-system  disk  normal
7.3.4,N/A,gate1995  operating-system  disk  normal  descriptive
7.3.5,9.006,gate1997  operating-system  disk
7.3.6,D,gate1998  operating-system  disk  normal
7.3.7,N/A,gate1998  operating-system  disk  descriptive
7.3.8,N/A,gate1998  operating-system  disk  descriptive
7.3.9,D,gate1999  operating-system  disk  easy  isro2008
7.3.10,D,gatecse-2001  operating-system  disk  easy
7.3.11,A,gatecse-2001  operating-system  disk  normal  descriptive
7.3.12,800,
7.3.13,A,gatecse-2003  operating-system  disk  normal  isro2009
7.3.14,C,gatecse-2004  operating-system  disk  normal
7.3.15,B,gatecse-2005  operating-system  disk  easy
7.3.16,A,gatecse-2007  operating-system  disk  normal  isro2016
7.3.17,B,gatecse-2008  operating-system  disk  normal
7.3.18,C,gatecse-2009  operating-system  disk  normal
7.3.19,C,gatecse-2009  operating-system  disk  normal
7.3.20,B,gatecse-2011  operating-system  disk  normal
7.3.21,B,gatecse-2012  operating-system  disk  normal
7.3.22,D,gatecse-2013  operating-system  disk  normal
7.3.23,14020,gatecse-2015-set1  operating-system  disk  normal  numerical-answers
7.3.24,6.1 : 6.2,gatecse-2015-set2  operating-system  disk  normal  numerical-answers
7.3.25,85,gatecse-2018  operating-system  disk  numerical-answers  2-marks
7.3.26,4096,gatecse2024-set1  numerical-answers  operating-system  disk
7.3.27,30.06,gatecse2024-set2  numerical-answers  operating-system  disk
7.3.28,C,gateit-2005  operating-system  disk  normal
7.3.29,D,gateit-2005  operating-system  disk  normal
7.3.30,B,gateit-2005  operating-system  disk  normal
7.3.31,D,gateit-2007  operating-system  disk  normal  isro2015
7.4.1,N/A,gate1989  descriptive  operating-system  disk-scheduling
7.4.2,N/A,gate1990  descriptive  operating-system  disk-scheduling
7.4.3,N/A,gate1995  operating-system  disk-scheduling  normal  descriptive
7.4.4,C,gate1997  operating-system  normal  disk-scheduling  match-the-following
7.4.5,B,gate1999  operating-system  disk-scheduling  normal
7.4.6,D,gatecse-2004  operating-system  disk-scheduling  normal
7.4.7,B,gatecse-2009  operating-system  disk-scheduling  normal
7.4.8,3,gatecse-2014-set1  operating-system  disk-scheduling  numerical-answers  normal
7.4.9,10,gatecse-2015-set1  operating-system  disk-scheduling  normal  numerical-answers
7.4.10,346,gatecse-2016-set1  operating-system  disk-scheduling  normal  numerical-answers
7.4.11,B,
7.4.12,C,gateit-2004  operating-system  disk-scheduling  normal
7.4.13,B,gateit-2007  operating-system  disk-scheduling  normal
7.4.14,C,gateit-2007  operating-system  disk-scheduling  normal
7.5.1,N/A,gate1996  operating-system  disk  normal  file-system  descriptive
7.5.2,C,gatecse-2002  operating-system  normal  file-system
7.5.3,D,gatecse-2008  file-system  operating-system  normal
7.5.4,99.55 : 99.65,gatecse-2014-set2  operating-system  disk  numerical-answers  normal  file-system
7.5.5,D,gatecse-2017-set2  operating-system  file-system  normal
7.5.6,4.0 : 4.1,gatecse-2019  numerical-answers  operating-system  file-system  2-marks
7.5.7,A;C,
7.5.8,153,gatecse-2022  numerical-answers  operating-system  file-system  2-marks
7.5.9,B,gateit-2004  operating-system  file-system  normal
7.6.1,C,gatecse-2005  operating-system  fork-system-call  normal
7.6.2,B,gatecse-2008  operating-system  fork-system-call  normal
7.6.3,C,gatecse-2012  operating-system  easy  fork-system-call
7.6.4,31,gatecse-2019  numerical-answers  operating-system  fork-system-call  1-mark
7.6.5,C;D,gatecse-2023  operating-system  fork-system-call  multiple-selects  1-mark
7.6.6,14,gatecse2024-set1  numerical-answers  operating-system  fork-system-call
7.6.7,C,gateit-2004  operating-system  fork-system-call  easy
7.7.1,A,gate1996  operating-system  io-handling  normal  isro2008
7.7.2,B,gate1998  operating-system  io-handling  easy
7.7.3,C,gatecse-2005  operating-system  io-handling  normal
7.7.4,A,gatecse-2005  operating-system  io-handling  normal
7.7.5,B,gateit-2004  operating-system  io-handling  easy  isro2011
7.7.6,C,gateit-2006  operating-system  io-handling  dma  normal
7.8.1,B,gate1997  operating-system  normal  inter-process-communication
7.9.1,90.00,gate1993  operating-system  interrupts  normal  descriptive
7.9.2,D,gate1997  operating-system  interrupts  normal
7.9.3,A,gate1998  operating-system  interrupts  normal
7.9.4,C,gate1999  operating-system  easy  interrupts  virtual-memory  disk
7.9.5,C,gatecse-2001  operating-system  interrupts  easy
7.9.6,D,gatecse-2011  operating-system  interrupts  normal
7.9.7,A,gatecse-2018  operating-system  interrupts  normal  1-mark
7.10.1,3.2,gate1992  operating-system  memory-management  normal  descriptive
7.10.2,N/A,gate1995  operating-system  memory-management  normal  descriptive
7.10.3,B,
7.10.4,B,gate1998  operating-system  normal  memory-management
7.10.5,10000,gatecse-2014-set2  operating-system  memory-management  numerical-answers  normal
7.10.6,A,gatecse-2015-set2  operating-system  memory-management  easy
7.10.7,C,gatecse-2020  operating-system  memory-management  1-mark
7.10.8,C,gatecse-2022  operating-system  memory-management  translation-lookaside-buffer  2-marks
7.10.9,B,gateit-2006  operating-system  memory-management  difficult
7.10.10,B,gateit-2007  operating-system  memory-management  normal
7.11.1,A,gate1999  operating-system  normal  ugcnetcse-dec2015-paper2  os-protection
7.11.2,C,gatecse-2001  operating-system  normal  os-protection
7.11.3,B,gateit-2005  operating-system  os-protection  normal  ugcnetcse-june2012-paper3
7.12.1,N/A,gate1993  operating-system  page-replacement  normal  descriptive
7.12.2,B,gate1994  operating-system  page-replacement  easy
7.12.3,B,
7.12.4,C,gate1995  operating-system  page-replacement  normal
7.12.5,C,gate1995  operating-system  page-replacement  normal
7.12.6,A,gate1997  operating-system  page-replacement  easy  isro2008  isro2015
7.12.7,B,gate1997  operating-system  page-replacement  easy
7.12.8,C,gate1997  operating-system  page-replacement  easy
7.12.9,C,gatecse-2001  operating-system  page-replacement  normal
7.12.10,B,gatecse-2002  operating-system  page-replacement  easy
7.12.11,A,gatecse-2004  operating-system  virtual-memory  page-replacement  normal  isro2007
7.12.12,C,gatecse-2005  operating-system  page-replacement  easy  isro2015
7.12.13,B,gatecse-2007  operating-system  page-replacement  normal
7.12.14,A,gatecse-2007  operating-system  page-replacement  normal
7.12.15,C,gatecse-2007  normal  operating-system  page-replacement
7.12.16,A,gatecse-2009  operating-system  page-replacement  normal  isro2016
7.12.17,A,gatecse-2010  operating-system  page-replacement  normal
7.12.18,B,gatecse-2012  operating-system  page-replacement  normal
7.12.19,7,gatecse-2014-set1  operating-system  page-replacement  numerical-answers
7.12.20,D,gatecse-2014-set2  operating-system  page-replacement  ambiguous
7.12.21,6,gatecse-2014-set3  operating-system  page-replacement  numerical-answers  normal
7.12.22,A,gatecse-2015-set1  operating-system  page-replacement  normal
7.12.23,1,gatecse-2016-set1  operating-system  page-replacement  normal  numerical-answers
7.12.24,D,gatecse-2016-set2  operating-system  page-replacement  easy
7.12.25,B,
7.12.26,A;C,gatecse-2021-set1  multiple-selects  operating-system  page-replacement  1-mark
7.12.27,4108 : 4108,gatecse-2021-set2  numerical-answers  operating-system  memory-management  page-replacement  2-marks
7.12.28,0.6,gatecse-2022  numerical-answers  operating-system  page-replacement  demand-paging  2-marks
7.12.29,4096,gatecse-2023  operating-system  page-replacement  least-recently-used  page-fault  numerical-answers  2-marks
7.12.30,C,gateit-2007  operating-system  virtual-memory  page-replacement  normal
7.12.31,A,gateit-2007  operating-system  page-replacement  probability  normal
7.12.32,B,gateit-2008  operating-system  page-replacement  normal
7.13.1,N/A,gate1989  descriptive  operating-system  precedence-graph  process-synchronization
7.13.2,N/A,gate1991  operating-system  normal  precedence-graph  fill-in-the-blanks
7.13.3,N/A,gate1992  operating-system  normal  concurrency  precedence-graph  descriptive
7.14.1,B,gate1996  operating-system  normal  process
7.14.2,C,
7.14.3,B,gatecse-2002  operating-system  normal  process
7.14.4,B;C;D,gatecse-2023  operating-system  process  multiple-selects  1-mark
7.14.5,B,gateit-2006  operating-system  normal  process
7.15.1,N/A,gate1988  normal  descriptive  operating-system  process-scheduling
7.15.2,N/A,gate1988  normal  descriptive  operating-system  process-scheduling
7.15.3,N/A,gate1990  operating-system  process-scheduling  fill-in-the-blanks
7.15.4,C,gate1993  operating-system  process-scheduling  normal
7.15.5,B,gate1995  operating-system  process-scheduling  easy
7.15.6,A,
7.15.7,D,gate1996  operating-system  process-scheduling  normal  isro2008
7.15.8,A,gate1998  operating-system  process-scheduling  normal  ugcnetcse-dec2012-paper3
7.15.9,N/A,gate1998  operating-system  process-scheduling  descriptive
7.15.10,19,gate1998  operating-system  process-scheduling  normal
7.15.11,B,gatecse-2002  operating-system  process-scheduling  easy
7.15.12,D,gatecse-2003  operating-system  process-scheduling  normal
7.15.13,A,gatecse-2004  operating-system  process-scheduling  normal
7.15.14,B,gatecse-2006  operating-system  process-scheduling  normal  isro2009
7.15.15,A,gatecse-2006  operating-system  process-scheduling  normal
7.15.16,B,gatecse-2006  operating-system  process-scheduling  normal
7.15.17,A,gatecse-2007  operating-system  process-scheduling  normal
7.15.18,B,gatecse-2007  operating-system  process-scheduling  normal
7.15.19,C,gatecse-2009  operating-system  process-scheduling  normal
7.15.20,D,gatecse-2010  operating-system  process-scheduling  easy
7.15.21,A,gatecse-2011  operating-system  process-scheduling  normal
7.15.22,C,
7.15.23,B,gatecse-2013  operating-system  process-scheduling  normal
7.15.24,7.2,gatecse-2014-set1  operating-system  process-scheduling  numerical-answers  normal
7.15.25,1000,gatecse-2014-set2  operating-system  process-scheduling  numerical-answers  normal
7.15.26,5.5,gatecse-2014-set3  operating-system  process-scheduling  numerical-answers  normal
7.15.27,12,gatecse-2015-set1  operating-system  process-scheduling  normal  numerical-answers
7.15.28,D,gatecse-2015-set3  operating-system  process-scheduling  easy
7.15.29,C,gatecse-2015-set3  operating-system  process-scheduling  normal
7.15.30,A,gatecse-2016-set1  operating-system  process-scheduling  normal
7.15.31,8.25,gatecse-2016-set2  operating-system  process-scheduling  normal  numerical-answers
7.15.32,3,gatecse-2017-set1  operating-system  process-scheduling  numerical-answers
7.15.33,29,gatecse-2017-set2  operating-system  process-scheduling  numerical-answers
7.15.34,2,gatecse-2019  numerical-answers  operating-system  process-scheduling  2-marks
7.15.35,C,gatecse-2020  operating-system  process-scheduling  1-mark  easy
7.15.36,5.25:5.26,gatecse-2020  numerical-answers  operating-system  process-scheduling  2-marks
7.15.37,12 : 12,gatecse-2021-set1  operating-system  process-scheduling  numerical-answers  1-mark
7.15.38,A;C;D,gatecse-2021-set2  multiple-selects  operating-system  process-scheduling  1-mark
7.15.39,D,gatecse-2022  operating-system  process-scheduling  round-robin-scheduling  2-marks
7.15.40,C;D,gatecse-2023  operating-system  process-scheduling  multiple-selects  1-mark
7.15.41,B;C,gatecse2024-set1  operating-system  process-scheduling  multiple-selects
7.15.42,B,gatecse2024-set2  operating-system  process-scheduling
7.15.43,D,gateit-2005  operating-system  process-scheduling  normal
7.15.44,D,gateit-2006  operating-system  process-scheduling  normal
7.15.45,B,gateit-2006  operating-system  process-scheduling  normal
7.15.46,D,gateit-2007  operating-system  process-scheduling  normal
7.15.47,C,gateit-2008  operating-system  process-scheduling  easy
7.16.1,D,gate1987  operating-system  process-synchronization
7.16.2,N/A,gate1987  operating-system  process-synchronization  descriptive
7.16.3,N/A,gate1988  descriptive  operating-system  process-synchronization
7.16.4,N/A,match-the-following  gate1990  operating-system  process-synchronization
7.16.5,N/A,gate1991  process-synchronization  normal  operating-system  descriptive
7.16.6,N/A,gate1991  process-synchronization  normal  operating-system  descriptive
7.16.7,N/A,gate1993  operating-system  process-synchronization  normal  descriptive
7.16.8,N/A,gate1994  operating-system  process-synchronization  normal  descriptive
7.16.9,N/A,gate1995  operating-system  process-synchronization  normal  descriptive
7.16.10,C,gate1996  operating-system  process-synchronization  easy  isro2008
7.16.11,C,gate1996  operating-system  process-synchronization  normal
7.16.12,N/A,gate1996  operating-system  process-synchronization  normal  descriptive
7.16.13,D,gate1997  operating-system  process-synchronization  normal
7.16.14,N/A,gate1997  operating-system  process-synchronization  descriptive
7.16.15,B,gate1998  operating-system  easy  process-synchronization
7.16.16,N/A,
7.16.17,N/A,gate1999  operating-system  process-synchronization  normal  descriptive
7.16.18,B,gatecse-2000  operating-system  process-synchronization  normal
7.16.19,N/A,gatecse-2000  operating-system  process-synchronization  normal  descriptive
7.16.20,B,gatecse-2001  operating-system  process-synchronization  normal
7.16.21,N/A,gatecse-2002  operating-system  process-synchronization  normal  descriptive
7.16.22,N/A,gatecse-2002  operating-system  process-synchronization  normal  descriptive
7.16.23,N/A,gatecse-2002  operating-system  process-synchronization  normal  descriptive
7.16.24,B,gatecse-2003  operating-system  process-synchronization  normal
7.16.25,C,gatecse-2003  operating-system  process-synchronization  normal
7.16.26,D,gatecse-2004  operating-system  process-synchronization  normal
7.16.27,A,gatecse-2006  operating-system  process-synchronization  normal
7.16.28,B,gatecse-2006  operating-system  process-synchronization  normal
7.16.29,B,gatecse-2006  operating-system  process-synchronization  normal
7.16.30,D,gatecse-2007  operating-system  process-synchronization  normal
7.16.31,A,gatecse-2009  operating-system  process-synchronization  normal
7.16.32,A,gatecse-2010  operating-system  process-synchronization  normal
7.16.33,A,gatecse-2010  operating-system  process-synchronization  normal
7.16.34,B,
7.16.35,D,gatecse-2013  operating-system  process-synchronization  normal
7.16.36,C,gatecse-2013  operating-system  process-synchronization  normal
7.16.37,C,gatecse-2014-set2  operating-system  process-synchronization  normal
7.16.38,3,gatecse-2015-set1  operating-system  process-synchronization  normal  numerical-answers
7.16.39,A,gatecse-2015-set3  operating-system  process-synchronization  normal
7.16.40,A,gatecse-2016-set1  operating-system  process-synchronization  difficult  ambiguous
7.16.41,C,gatecse-2016-set2  operating-system  process-synchronization  normal
7.16.42,D,gatecse-2017-set1  operating-system  process-synchronization  normal
7.16.43,C,gatecse-2018  operating-system  process-synchronization  normal  2-marks
7.16.44,80,gatecse-2019  numerical-answers  operating-system  process-synchronization  1-mark
7.16.45,B;C,gatecse2024-set2  operating-system  multiple-selects  process-synchronization
7.16.46,D,gateit-2004  operating-system  process-synchronization  normal
7.16.47,A,gateit-2005  operating-system  process-synchronization  normal
7.16.48,B,gateit-2005  operating-system  process-synchronization  normal
7.16.49,A,gateit-2006  operating-system  process-synchronization  normal
7.16.50,C,
7.16.51,C,gateit-2007  operating-system  process-synchronization  normal
7.16.52,D,gateit-2008  operating-system  process-synchronization  normal
7.17.1,N/A,gate1988  normal  descriptive  operating-system  resource-allocation
7.17.2,N/A,descriptive  gate1989  operating-system  resource-allocation
7.17.3,A,gate1992  operating-system  resource-allocation  normal  multiple-selects
7.17.4,D;E,gate1993  operating-system  resource-allocation  normal  ugcnetcse-dec2012-paper3  multiple-selects
7.17.5,N/A,gate1994  operating-system  resource-allocation  normal  descriptive
7.17.6,N/A,gate1996  operating-system  resource-allocation  normal  descriptive
7.17.7,C,gate1997  operating-system  resource-allocation  normal
7.17.8,N/A,gate1997  operating-system  resource-allocation  normal  descriptive
7.17.9,B,gate1998  operating-system  resource-allocation  normal
7.17.10,C,gatecse-2000  operating-system  resource-allocation  normal
7.17.11,N/A,gatecse-2001  operating-system  resource-allocation  normal  descriptive
7.17.12,C,gatecse-2005  operating-system  resource-allocation  normal
7.17.13,B,gatecse-2006  operating-system  resource-allocation  normal
7.17.14,C,gatecse-2007  operating-system  resource-allocation  normal
7.17.15,A,gatecse-2008  operating-system  easy  resource-allocation
7.17.16,A,gatecse-2009  operating-system  resource-allocation  normal
7.17.17,B,gatecse-2010  operating-system  resource-allocation  normal
7.17.18,B,gatecse-2013  operating-system  resource-allocation  normal
7.17.19,B,gatecse-2014-set1  operating-system  resource-allocation  normal
7.17.20,7,gatecse-2014-set3  operating-system  resource-allocation  numerical-answers  easy
7.17.21,D,gatecse-2015-set2  operating-system  resource-allocation  easy
7.17.22,D,gatecse-2015-set3  operating-system  resource-allocation  normal
7.17.23,B,gatecse-2017-set2  operating-system  resource-allocation  normal
7.17.24,A,gatecse-2019  operating-system  2-marks  resource-allocation
7.17.25,A;D,gatecse-2022  operating-system  resource-allocation  multiple-selects  1-mark
7.17.26,C,gateit-2005  operating-system  resource-allocation  normal
7.17.27,B,
7.18.1,N/A,gate1990  operating-system  semaphore  process-synchronization  fill-in-the-blanks
7.18.2,B,gate1992  operating-system  semaphore  easy  isro2015  process-synchronization
7.18.3,B,gate1998  operating-system  process-synchronization  semaphore  easy
7.18.4,C,gatecse-2008  operating-system  normal  semaphore
7.18.5,7,gatecse-2016-set2  operating-system  semaphore  normal  numerical-answers
7.18.6,A,gatecse-2020  operating-system  semaphore  2-marks
7.18.7,A;B;D,gatecse-2021-set1  multiple-selects  operating-system  process-synchronization  semaphore  2-marks
7.18.8,C,gatecse-2022  operating-system  process-synchronization  semaphore  1-mark
7.18.9,C,gatecse-2023  operating-system  semaphore  2-marks
7.18.10,D,gateit-2006  operating-system  process-synchronization  semaphore  normal
7.19.1,A;C,gatecse-2021-set1  multiple-selects  operating-system  system-call  1-mark
7.20.1,A,gatecse-2004  operating-system  threads  normal
7.20.2,D,gatecse-2007  operating-system  threads  normal
7.20.3,C,gatecse-2011  operating-system  threads  normal  ugcnetcse-june2013-paper3
7.20.4,D,gatecse-2014-set1  operating-system  threads  normal
7.20.5,D,gatecse-2017-set1  operating-system  threads
7.20.6,B,gatecse-2017-set2  operating-system  threads
7.20.7,A;D,gatecse-2021-set2  multiple-selects  operating-system  threads  2-marks
7.20.8,D,gatecse2024-set1  multiple-selects  operating-system  threads
7.20.9,A,gatecse2024-set1  operating-system  threads
7.20.10,A,gateit-2004  operating-system  easy  threads
7.21.1,N/A,match-the-following  gate1989  operating-system  virtual-memory
7.21.2,N/A,gate1990  operating-system  virtual-memory  fill-in-the-blanks
7.21.3,99.99,gate1990  descriptive  operating-system  virtual-memory
7.21.4,B;C;E,gate1991  operating-system  virtual-memory  normal  multiple-selects
7.21.5,A,gate1994  operating-system  normal  virtual-memory
7.21.6,A,gate1995  operating-system  virtual-memory  normal
7.21.7,C,gate1995  operating-system  virtual-memory  normal
7.21.8,N/A,gate1996  operating-system  virtual-memory  normal  descriptive
7.21.9,A,gate1998  operating-system  virtual-memory  easy  ugcnetcse-june2012-paper3
7.21.10,N/A,gate1999  operating-system  virtual-memory  normal  descriptive
7.21.11,A;C,gate1999  operating-system  normal  virtual-memory
7.21.12,B;D,gate1999  operating-system  virtual-memory  easy
7.21.13,D,gatecse-2000  operating-system  easy  virtual-memory
7.21.14,B,gatecse-2001  operating-system  easy  virtual-memory
7.21.15,D,gatecse-2001  operating-system  virtual-memory  normal
7.21.16,C,gatecse-2001  operating-system  virtual-memory  normal
7.21.17,N/A,gatecse-2002  operating-system  virtual-memory  normal  descriptive
7.21.18,C,gatecse-2003  operating-system  virtual-memory  normal
7.21.19,D,
7.21.20,C,gatecse-2003  operating-system  normal  virtual-memory
7.21.21,C,gatecse-2006  operating-system  virtual-memory  normal  isro2016
7.21.22,C,gatecse-2006  operating-system  virtual-memory  normal  ugcnetcse-june2012-paper3
7.21.23,D,gatecse-2008  operating-system  virtual-memory  normal
7.21.24,B,gatecse-2009  operating-system  virtual-memory  easy
7.21.25,B,gatecse-2009  operating-system  virtual-memory  easy
7.21.26,B,gatecse-2011  operating-system  virtual-memory  normal  ugcnetcse-june2013-paper2
7.21.27,C,gatecse-2013  operating-system  virtual-memory  normal
7.21.28,C,gatecse-2013  normal  operating-system  virtual-memory
7.21.29,122,gatecse-2014-set3  operating-system  virtual-memory  numerical-answers  normal
7.21.30,4,gatecse-2015-set1  operating-system  virtual-memory  easy  numerical-answers
7.21.31,22,gatecse-2015-set2  operating-system  virtual-memory  easy  numerical-answers
7.21.32,36,gatecse-2015-set2  operating-system  virtual-memory  normal  numerical-answers
7.21.33,384,gatecse-2016-set1  operating-system  virtual-memory  easy  numerical-answers
7.21.34,B,gatecse-2018  operating-system  virtual-memory  normal  1-mark
7.21.35,B,gatecse-2019  operating-system  virtual-memory  2-marks
7.21.36,155:156,gatecse-2020  numerical-answers  operating-system  virtual-memory  2-marks
7.21.37,5,gatecse-2023  operating-system  virtual-memory  numerical-answers  2-marks
7.21.38,6596,gatecse2024-set1  numerical-answers  operating-system  virtual-memory
7.21.39,B;C;D,gatecse2024-set2  operating-system  multiple-selects  virtual-memory
7.21.40,1028,gatecse2024-set2  numerical-answers  operating-system  virtual-memory
7.21.41,D,gateit-2004  operating-system  virtual-memory  normal
7.21.42,C,gateit-2008  operating-system  virtual-memory  normal
7.21.43,D,gateit-2008  operating-system  virtual-memory  easy
8.1.1,N/A,gate1988  data-structures  normal  descriptive  avl-tree  binary-tree
8.1.2,B,gatecse-2009  data-structures  binary-search-tree  normal  isrodec2017  avl-tree
8.1.3,C,gatecse-2020  binary-tree  avl-tree  1-mark
8.1.4,A,gateit-2008  data-structures  binary-search-tree  easy  avl-tree
8.2.1,N/A,gate1993  data-structures  array  normal  descriptive
8.2.2,C,gate1994  data-structures  array  normal
8.2.3,N/A,gate1994  data-structures  array  normal  descriptive
8.2.4,N/A,gate1997  data-structures  array  normal  descriptive
8.2.5,A,gate1998  data-structures  array  easy
8.2.6,A,gatecse-2000  data-structures  array  easy
8.2.7,N/A,gatecse-2000  data-structures  array  easy  descriptive
8.2.8,A,gatecse-2005  data-structures  array  easy
8.2.9,B,gatecse-2013  data-structures  array  normal
8.2.10,C,gatecse-2013  data-structures  array  normal
8.2.11,B,gatecse-2014-set3  data-structures  array  easy
8.2.12,5,gatecse-2015-set2  databases  array  normal  numerical-answers
8.2.13,C,gatecse-2021-set1  data-structures  array  1-mark
8.3.1,N/A,gate1990  match-the-following  data-structures  binary-heap
8.3.2,C,gate1996  data-structures  binary-heap  easy
8.3.3,N/A,gate1999  data-structures  binary-heap  normal  descriptive
8.3.4,B,gatecse-2001  data-structures  binary-heap  easy
8.3.5,D,gatecse-2003  data-structures  binary-heap
8.3.6,A,gatecse-2004  data-structures  binary-heap  easy
8.3.7,D,gatecse-2005  data-structures  binary-heap  normal
8.3.8,A,gatecse-2006  data-structures  binary-heap  easy
8.3.9,D,gatecse-2006  data-structures  binary-heap  normal
8.3.10,A,gatecse-2006  data-structures  binary-heap  normal
8.3.11,B,gatecse-2007  data-structures  binary-heap  normal
8.3.12,C,gatecse-2009  data-structures  binary-heap  easy
8.3.13,D,gatecse-2009  data-structures  binary-heap  normal
8.3.14,B,gatecse-2011  data-structures  binary-heap  easy
8.3.15,A,gatecse-2014-set2  data-structures  binary-heap  normal
8.3.16,B,gatecse-2015-set1  data-structures  binary-heap  easy
8.3.17,A,gatecse-2015-set2  data-structures  binary-heap  normal
8.3.18,D,gatecse-2015-set3  data-structures  binary-heap  easy
8.3.19,B,gatecse-2016-set1  data-structures  binary-heap  normal
8.3.20,8,gatecse-2016-set2  data-structures  binary-heap  normal  numerical-answers
8.3.21,80,gatecse-2018  binary-heap  numerical-answers  combinatory  2-marks
8.3.22,A,gatecse-2019  data-structures  binary-heap  2-marks
8.3.23,511,gatecse-2020  numerical-answers  binary-heap  2-marks
8.3.24,C,gatecse-2021-set2  data-structures  binary-heap  time-complexity  1-mark
8.3.25,B,
8.3.26,A,gatecse2024-set1  data-structures  binary-heap
8.3.27,B,gateit-2004  data-structures  binary-heap  normal
8.3.28,C,gateit-2006  data-structures  binary-heap  easy
8.3.29,B,gateit-2006  data-structures  binary-heap  easy
8.4.1,B,gate1996  data-structures  binary-search-tree  easy
8.4.2,N/A,gate1996  data-structures  binary-search-tree  normal  descriptive
8.4.3,D,gate1997  data-structures  binary-search-tree  normal
8.4.4,N/A,gatecse-2001  data-structures  binary-search-tree  normal  descriptive
8.4.5,C,gatecse-2003  binary-search-tree  easy  isro2009
8.4.6,B,gatecse-2003  normal  binary-search-tree
8.4.7,B,gatecse-2003  data-structures  easy  isro2009  binary-search-tree
8.4.8,B,gatecse-2004  data-structures  binary-search-tree  easy  isro2009
8.4.9,B,gatecse-2004  binary-search-tree  normal  data-structures
8.4.10,A,gatecse-2005  data-structures  binary-search-tree  easy
8.4.11,B,gatecse-2005  data-structures  binary-search-tree  counting  normal
8.4.12,B,gatecse-2008  data-structures  binary-search-tree  normal
8.4.13,C,gatecse-2012  data-structures  normal  binary-search-tree
8.4.14,D,gatecse-2013  data-structures  binary-search-tree  normal
8.4.15,C,gatecse-2013  data-structures  easy  binary-search-tree
8.4.16,110,gatecse-2014-set3  data-structures  binary-search-tree  numerical-answers  normal
8.4.17,A,gatecse-2015-set1  data-structures  binary-search-tree  easy
8.4.18,B,gatecse-2015-set1  data-structures  binary-search-tree  easy
8.4.19,B,gatecse-2015-set3  data-structures  binary-search-tree  easy
8.4.20,64,gatecse-2016-set2  data-structures  binary-search-tree  normal  numerical-answers
8.4.21,B,gatecse-2017-set1  data-structures  binary-search-tree  easy
8.4.22,B,gatecse-2017-set2  data-structures  binary-search-tree
8.4.23,B,gatecse-2020  data-structures  binary-search-tree  2-marks
8.4.24,B,gatecse-2020  binary-search-tree  1-mark
8.4.25,D,gatecse-2021-set1  data-structures  binary-search-tree  time-complexity  1-mark
8.4.26,509,gatecse-2022  numerical-answers  data-structures  binary-search-tree  1-mark
8.4.27,A,gatecse2024-set2  binary-search-tree
8.4.28,C,gateit-2005  data-structures  normal  binary-search-tree
8.4.29,D,gateit-2005  data-structures  binary-search-tree  normal
8.4.30,C,gateit-2006  data-structures  binary-search-tree  normal
8.4.31,A,gateit-2007  data-structures  binary-search-tree  normal
8.4.32,D,gateit-2008  data-structures  binary-search-tree  normal
8.4.33,C,gateit-2008  data-structures  binary-search-tree  easy
8.4.34,B,gateit-2008  data-structures  binary-search-tree  normal
8.5.3,N/A,gate1987  data-structures  binary-tree  descriptive
8.5.4,N/A,gate1988  normal  descriptive  data-structures  binary-tree
8.5.5,N/A,gate1988  normal  descriptive  data-structures  binary-tree
8.5.6,A;C;D,normal  gate1989  binary-tree  multiple-selects
8.5.7,B,gate1990  normal  data-structures  binary-tree  multiple-selects
8.5.8,144,gate1991  binary-tree  data-structures  normal  numerical-answers
8.5.9,N/A,gate1991  binary-tree  easy  data-structures  descriptive
8.5.10,N/A,gate1991  data-structures  binary-tree  time-complexity  easy  descriptive
8.5.11,N/A,gate1991  data-structures  binary-tree  normal  descriptive
8.5.12,N/A,gate1991  normal  data-structures  binary-tree  time-complexity  descriptive
8.5.13,N/A,gate1993  data-structures  binary-tree  normal  descriptive
8.5.14,N/A,gate1994  data-structures  binary-tree  normal  descriptive
8.5.15,B,gate1995  data-structures  binary-tree  normal
8.5.16,N/A,gate1995  data-structures  binary-tree  normal  descriptive
8.5.17,B,gate1996  data-structures  binary-tree  normal
8.5.18,C,gate1996  data-structures  binary-tree  easy
8.5.19,N/A,gate1997  data-structures  binary-tree  normal  descriptive  proof
8.5.20,N/A,gate1998  data-structures  binary-tree  descriptive
8.5.21,C,gatecse-2000  data-structures  binary-tree  easy
8.5.22,D,gatecse-2000  data-structures  binary-tree  normal
8.5.23,D,gatecse-2002  data-structures  binary-tree  normal
8.5.24,N/A,gatecse-2002  data-structures  binary-tree  easy  descriptive
8.5.25,B,gatecse-2004  data-structures  binary-tree  normal
8.5.26,D,gatecse-2004  data-structures  binary-tree  normal
8.5.27,D,gatecse-2006  data-structures  binary-tree  normal
8.5.28,C,gatecse-2007  data-structures  binary-tree  easy
8.5.29,B,gatecse-2007  data-structures  binary-tree  normal
8.5.30,A,gatecse-2007  data-structures  binary-tree  normal  ugcnetcse-june2015-paper2
8.5.31,C,gatecse-2007  data-structures  binary-tree  normal
8.5.32,A,gatecse-2010  data-structures  binary-tree  normal
8.5.33,B,gatecse-2011  binary-tree  normal
8.5.34,A,gatecse-2012  data-structures  binary-tree  normal
8.5.35,1,gatecse-2014-set1  data-structures  binary-tree  numerical-answers  normal
8.5.36,A,gatecse-2015-set1  data-structures  binary-tree  easy
8.5.37,19,gatecse-2015-set2  data-structures  binary-tree  normal  numerical-answers
8.5.38,199,gatecse-2015-set3  data-structures  binary-tree  normal  numerical-answers
8.5.39,C,gatecse-2016-set2  data-structures  binary-tree  normal
8.5.40,4,gatecse-2018  data-structures  binary-tree  numerical-answers  1-mark
8.5.41,4.25,gatecse-2019  numerical-answers  data-structures  binary-tree  2-marks
8.5.42,1 : 1,gatecse-2021-set2  numerical-answers  data-structures  binary-tree  1-mark
8.5.43,C,gatecse-2023  data-structures  binary-tree  2-marks
8.5.44,A;B;C,gate-ds-ai-2024  data-structures  binary-tree
8.5.45,A;B;C,gate-ds-ai-2024  data-structures  binary-tree
8.5.46,D,gateit-2004  binary-tree  easy  data-structures
8.5.47,B,gateit-2005  data-structures  binary-tree  normal
8.5.48,D,gateit-2006  data-structures  binary-tree  normal
8.5.49,C,gateit-2006  data-structures  binary-tree  normal
8.5.50,B,gateit-2006  data-structures  binary-tree  normal
8.5.51,D,gateit-2008  data-structures  normal  binary-tree
8.5.52,B,gateit-2008  data-structures  binary-tree  normal
8.5.53,A,gateit-2008  data-structures  binary-tree  normal
8.6.1,B,gate1997  data-structures  normal  graph-theory
8.6.2,C,gatecse-2005  data-structures  normal  abstract-data-type
8.6.3,B,gatecse-2014-set1  data-structures  graph-theory  ambiguous
8.6.4,12,gatecse-2016-set1  data-structures  graph-theory  normal  numerical-answers
8.6.5,17,gate-ds-ai-2024  numerical-answers  data-structures
8.6.6,A,gate-ds-ai-2024  data-structures  match-the-following
8.7.1,C,gate1996  data-structures  hashing  normal
8.7.2,N/A,gate1996  data-structures  hashing  normal  descriptive
8.7.3,N/A,gate1997  data-structures  hashing  probability  normal  descriptive
8.7.4,C,gatecse-2004  data-structures  hashing  easy
8.7.5,B,gatecse-2007  data-structures  hashing  easy
8.7.6,C,gatecse-2009  data-structures  hashing  normal
8.7.7,C,gatecse-2010  data-structures  hashing  normal
8.7.8,C,data-structures  hashing  normal  gatecse-2010
8.7.9,A,gatecse-2014-set1  data-structures  hashing  normal
8.7.10,A,gatecse-2014-set3  data-structures  hashing  probability  normal
8.7.11,B,gatecse-2015-set2  data-structures  hashing  normal
8.7.12,80,gatecse-2015-set3  data-structures  hashing  easy  numerical-answers
8.7.13,B,gate-ds-ai-2024  data-structures  hashing  uniform-hashing
8.7.14,C,gateit-2006  data-structures  hashing  normal
8.7.15,B,gateit-2007  data-structures  hashing  probability  normal
8.7.16,D,gateit-2008  data-structures  hashing  normal
8.8.1,N/A,gate1989  descriptive  data-structures  stack  infix-prefix
8.8.2,A,gate1997  normal  infix-prefix  stack  data-structures
8.8.3,N/A,gate1998  stack  infix-prefix  descriptive
8.8.4,A,gatecse-2004  stack  isro2009  infix-prefix
8.8.5,A,gatecse-2007  data-structures  stack  normal  infix-prefix  isro2016
8.9.1,B,gate1987  data-structures  linked-list
8.9.2,N/A,gate1987  data-structures  linked-list  descriptive
8.9.3,N/A,gate1993  data-structures  linked-list  normal  descriptive
8.9.4,B,gate1994  data-structures  linked-list  normal  ugcnetsep2013ii
8.9.5,D,gate1995  data-structures  linked-list  hashing
8.9.6,C,gate1997  data-structures  linked-list  easy
8.9.7,N/A,gate1997  data-structures  linked-list  normal  descriptive
8.9.8,N/A,gate1998  data-structures  linked-list  normal  descriptive
8.9.9,N/A,gate1999  data-structures  linked-list  descriptive
8.9.10,D,gatecse-2002  easy  data-structures  linked-list
8.9.11,B,gatecse-2003  data-structures  linked-list  normal
8.9.12,A,gatecse-2004  data-structures  linked-list  normal
8.9.13,D,gatecse-2004  data-structures  linked-list  normal
8.9.14,B,gatecse-2008  data-structures  linked-list  normal
8.9.15,D,gatecse-2010  data-structures  linked-list  normal
8.9.16,C,gatecse-2016-set2  data-structures  linked-list  time-complexity  normal  algorithms
8.9.17,B,gatecse-2017-set1  data-structures  linked-list  normal
8.9.18,C,gatecse-2020  linked-list  1-mark
8.9.19,A,gatecse-2022  data-structures  linked-list  1-mark
8.9.20,D,gatecse-2023  data-structures  linked-list  1-mark
8.9.21,A,gateit-2004  data-structures  linked-list  normal  ambiguous
8.9.22,B,gateit-2005  data-structures  linked-list  normal
8.10.1,D,gate1997  data-structures  stack  normal  priority-queue
8.10.2,B,gatecse-2023  data-structures  priority-queue  time-complexity  binary-heap  2-marks
8.11.1,N/A,gate1992  data-structures  normal  descriptive  queue
8.11.2,N/A,
8.11.3,A,gate1996  data-structures  easy  queue  stack  linked-list
8.11.4,B,gatecse-2001  data-structures  easy  stack  queue
8.11.5,A,gatecse-2006  data-structures  queue  stack  normal
8.11.6,A,gatecse-2012  data-structures  queue  normal
8.11.7,A,gatecse-2013  data-structures  algorithms  normal  queue
8.11.8,A,gatecse-2016-set1  data-structures  queue  normal
8.11.9,256,
8.11.10,B,gatecse-2017-set2  data-structures  queue
8.11.11,B,gatecse-2018  algorithms  data-structures  queue  normal  linked-list  1-mark
8.11.12,0,gatecse-2022  numerical-answers  data-structures  queue  2-marks
8.11.13,B,gateit-2007  data-structures  queue  normal
8.12.1,B,gate1991  data-structures  stack  easy
8.12.2,B,gate1994  data-structures  stack  normal
8.12.3,B,gate1995  data-structures  stack  easy
8.12.4,N/A,gatecse-2000  data-structures  stack  normal  descriptive
8.12.5,C,gatecse-2003  data-structures  stack  normal
8.12.6,D,gatecse-2004  data-structures  stack  easy
8.12.7,B,gatecse-2004  data-structures  easy  stack
8.12.8,C,gatecse-2014-set2  data-structures  stack  easy
8.12.9,15,gatecse-2015-set2  data-structures  stack  easy  numerical-answers
8.12.10,C,gatecse-2015-set3  data-structures  stack  normal
8.12.11,86 : 86,gatecse-2021-set1  data-structures  stack  easy  numerical-answers  1-mark
8.12.12,8,gatecse-2023  data-structures  stack  numerical-answers  2-marks  easy
8.12.13,B;C;D,gatecse2024-set2  data-structures  stack  multiple-selects
8.12.14,D,gateit-2004  data-structures  normal  stack
8.12.15,C,gateit-2005  data-structures  stack  normal
8.12.16,B,gateit-2007  stack  normal
8.13.1,N/A,gate1990  data-structures  tree  descriptive
8.13.2,A;D,gate1992  tree  data-structures  normal  multiple-selects
8.13.3,N/A,gate1994  data-structures  tree  proof  descriptive
8.13.4,B;C,gate1998  data-structures  tree  multiple-selects  normal
8.13.5,A,gate1998  data-structures  tree  normal
8.13.6,N/A,gate1998  data-structures  tree  descriptive  numerical-answers
8.13.7,D,gatecse-2002  data-structures  tree  normal
8.13.8,D,gatecse-2004  data-structures  tree  easy
8.13.9,C,gatecse-2005  data-structures  tree  normal
8.13.10,C,gatecse-2007  data-structures  tree  normal
8.13.11,A,gatecse-2014-set3  data-structures  tree  easy
8.13.12,D,gatecse-2014-set3  data-structures  tree  normal
8.13.13,18,gatecse-2017-set1  data-structures  tree  easy  numerical-answers
8.13.14,B,gatecse-2021-set1  multiple-selects  data-structures  tree  2-marks
9.1.1,A,gatecse-2000  programming  easy  aliasing
9.2.1,C,gatecse-2011  programming  programming-in-c  normal  array
9.2.2,A,gatecse-2015-set1  programming  programming-in-c  array  normal
9.2.3,C,gatecse-2015-set3  programming-in-c  normal  array
9.2.4,C,gatecse-2015-set3  programming  programming-in-c  normal  array
9.2.5,2,gatecse-2017-set2  programming-in-c  numerical-answers  array  pointers
9.2.6,6,gatecse-2019  numerical-answers  programming-in-c  programming  array  easy  1-mark
9.2.7,19,gatecse-2020  numerical-answers  programming-in-c  array  1-mark
9.2.8,C,gatecse-2021-set2  programming-in-c  array  output  1-mark
9.2.9,A,gatecse-2022  programming  programming-in-c  array  output  2-marks
9.2.10,C,gateit-2004  programming  easy  programming-in-c  array
9.2.11,B,gateit-2008  programming  programming-in-c  normal  array
9.2.12,C,gateit-2008  programming  programming-in-c  normal  array
9.2.13,B,gateit-2008  programming  programming-in-c  normal  array
9.3.1,A,gatecse2024-set2  programming  programming-in-c  functions
9.4.1,A,gate1989  normal  programming  goto
9.4.2,A,gate1994  programming  easy  goto
9.5.1,N/A,gate1995  programming  identify-function  descriptive
9.5.2,C,gate1998  programming  normal  identify-function
9.5.3,C,gatecse-2017-set2  programming-in-c  identify-function  pointers
9.5.4,3,gatecse-2017-set2  programming  algorithms  numerical-answers  identify-function
9.5.5,26,gatecse-2019  programming-in-c  numerical-answers  identify-function  1-mark
9.5.6,B,gateit-2004  programming  easy  identify-function
9.6.1,N/A,gate1987  programming  loop-invariants  descriptive
9.6.2,N/A,gate1988  normal  descriptive  loop-invariants
9.6.3,N/A,gate1988  programming  descriptive  loop-invariants
9.6.4,N/A,gate1991  programming  loop-invariants  normal  fill-in-the-blanks
9.6.5,A,gatecse-2004  programming  loop-invariants  normal
9.6.6,B,gatecse-2015-set1  programming  loop-invariants  normal
9.6.7,C,gatecse-2016-set2  programming  loop-invariants  normal
9.6.8,C,gatecse-2017-set2  programming  loop-invariants
9.7.1,A,gatecse-2022  programming  programming-in-c  output  2-marks
9.7.2,7,gatecse-2023  programming  programming-in-c  output  numerical-answers  1-mark
9.7.3,C,gatecse2024-set1  programming  programming-in-c  output
9.7.4,C,gatecse2024-set1  programming  programming-in-c  output
9.7.5,A;B;D,gatecse2024-set2  programming  programming-in-c  multiple-selects  output
9.8.1,N/A,gate1992  parameter-passing  programming  runtime-environment  normal  descriptive
9.8.2,C,gate1994  programming  parameter-passing  easy
9.8.3,B,gatecse-2001  programming-in-c  parameter-passing  normal  ugcnetcse-aug2016-paper3
9.8.4,D,gatecse-2003  compiler-design  normal  runtime-environment  parameter-passing
9.8.5,B,gatecse-2008  programming  programming-in-c  normal  parameter-passing
9.8.6,D,gatecse-2010  programming  programming-in-c  easy  parameter-passing
9.8.7,6561,gatecse-2013  compiler-design  normal  marks-to-all  numerical-answers  parameter-passing  runtime-environment
9.8.8,2016,gatecse-2016-set1  programming-in-c  easy  numerical-answers  parameter-passing
9.8.9,30,gatecse-2016-set2  programming-in-c  normal  numerical-answers  parameter-passing
9.8.10,A,gatecse-2018  programming-in-c  pointers  parameter-passing  normal  programming  2-marks
9.8.11,D,gateit-2006  programming  programming-in-c  normal  parameter-passing
9.8.12,C,gateit-2008  programming  programming-in-c  easy  parameter-passing
9.9.1,D,gatecse-2000  programming  programming-in-c  easy  match-the-following  pointers
9.9.2,C,gatecse-2001  programming  programming-in-c  normal  pointers
9.9.3,A,gatecse-2003  programming  programming-in-c  easy  pointers
9.9.4,A,gatecse-2003  programming  programming-in-c  normal  pointers
9.9.5,C,gatecse-2005  programming  programming-in-c  pointers  easy  isro2017
9.9.6,C,gatecse-2006  programming  programming-in-c  normal  pointers
9.9.7,D,gatecse-2014-set1  programming  programming-in-c  easy  pointers
9.9.8,140,gatecse-2015-set3  programming  programming-in-c  normal  numerical-answers  pointers
9.9.9,D,gatecse-2017-set1  programming-in-c  programming  pointers
9.9.10,D,gatecse-2022  programming  programming-in-c  pointers  output  1-mark
9.9.11,B,gatecse2024-set2  programming  programming-in-c  pointers
9.10.1,B,gate1999  programming  normal  programming-constructs
9.11.1,A,gatecse-2000  programming  programming-in-c  easy
9.11.2,B,gatecse-2002  programming  programming-in-c  easy  descriptive
9.11.3,B,gatecse-2002  programming  programming-in-c  normal
9.11.4,B,gatecse-2002  programming-in-c  programming  easy
9.11.5,D,gatecse-2004  programming  programming-in-c  easy
9.11.6,D,gatecse-2005  programming  programming-in-c  compiler-design  easy
9.11.7,A,gatecse-2008  programming  programming-in-c  easy
9.11.8,D,gatecse-2008  programming  normal  programming-in-c
9.11.9,C,gatecse-2012  programming  programming-in-c  normal
9.11.10,D,normal  gatecse-2012  programming-in-c  programming
9.11.11,B,gatecse-2014-set2  programming  programming-in-c  normal
9.11.12,D,gatecse-2014-set2  programming  programming-in-c
9.11.13,-5,gatecse-2015-set1  programming  programming-in-c  easy  numerical-answers
9.11.14,230,gatecse-2015-set3  programming  programming-in-c  normal  numerical-answers
9.11.15,D,gatecse-2016-set1  programming-in-c  easy
9.11.16,D,gatecse-2016-set1  programming-in-c  normal
9.11.17,3,gatecse-2017-set1  programming  programming-in-c  normal  numerical-answers
9.11.18,23,gatecse-2017-set1  programming  programming-in-c  normal  numerical-answers
9.11.19,A,gatecse-2017-set2  programming  programming-in-c  match-the-following
9.11.20,0,
9.11.21,B,gatecse-2018  programming-in-c  normal  programming  2-marks
9.11.22,B,gatecse-2019  programming-in-c  programming  2-marks
9.11.23,5,gatecse-2019  numerical-answers  programming-in-c  programming  2-marks
9.11.24,10,gatecse-2019  numerical-answers  programming-in-c  programming  2-marks
9.11.25,B,gatecse-2021-set1  programming-in-c  2-marks
9.11.26,B;D,gatecse2024-set1  multiple-selects  programming  programming-in-c
9.11.27,A,gateit-2004  programming  programming-in-c  normal
9.11.28,D,gateit-2004  programming  programming-in-c  normal
9.11.29,B,gateit-2005  programming  normal  programming-in-c
9.11.30,A,gateit-2006  programming  programming-in-c  normal
9.11.31,C,gateit-2007  programming  programming-in-c  normal
9.12.1,C,gatecse-2004  programming  easy  programming-paradigms
9.12.2,D,gatecse-2004  programming  normal  programming-paradigms  match-the-following
9.13.1,41,gate1991  programming  recursion  normal  numerical-answers
9.13.2,16,gate1994  programming  recursion  normal  descriptive
9.13.3,N/A,gatecse-2000  algorithms  normal  descriptive  recursion
9.13.4,N/A,gatecse-2001  programming  recursion  normal  descriptive
9.13.5,N/A,gatecse-2002  programming  recursion  descriptive
9.13.6,C,gatecse-2004  programming  programming-in-c  recursion  easy  isro2008
9.13.7,B,gatecse-2005  programming  recursion  normal
9.13.8,D,gatecse-2007  programming  recursion  normal
9.13.9,1.72 : 1.74,gatecse-2014-set2  programming  recursion  numerical-answers  normal
9.13.10,D,gatecse-2015-set2  programming  programming-in-c  normal  recursion
9.13.11,A,gatecse-2016-set1  programming-in-c  recursion  normal
9.13.12,3,gatecse-2016-set2  programming-in-c  normal  numerical-answers  recursion
9.13.13,A,gatecse-2017-set1  programming  normal  tricky  recursion
9.13.14,C,gatecse-2017-set1  programming-in-c  programming  normal  recursion
9.13.15,4,gatecse-2018  programming-in-c  numerical-answers  recursion  programming  1-mark
9.13.16,55,gatecse-2020  numerical-answers  programming-in-c  recursion  2-marks
9.13.17,D,gateit-2007  programming  recursion  normal
9.14.1,A,gatecse-2000  programming  programming-in-c  easy  structure
9.14.2,A,gatecse-2018  programming-in-c  programming  structure  normal  1-mark
9.14.3,D,gatecse-2021-set2  programming-in-c  normal  pointers  structure  2-marks
9.14.4,B,gateit-2004  programming  programming-in-c  normal  structure
9.14.5,B,gateit-2006  programming  programming-in-c  normal  structure
9.15.1,X,gatecse-2012  programming  easy  programming-in-c  switch-case
9.15.2,10,gatecse-2015-set3  programming  programming-in-c  switch-case  normal  numerical-answers
9.16.1,C,gatecse-2003  programming  normal  type-checking
9.17.1,C,gatecse-2000  programming  programming-in-c  easy  isro2015  union
9.18.1,A,gateit-2007  programming  variable-binding  easy  ugcnetcse-dec2012-paper3
10.1.1,A;C,gate1989  easy  theory-of-computation  closure-property  multiple-selects
10.1.2,N/A,gate1992  theory-of-computation  normal  closure-property  proof  descriptive
10.1.3,A,gatecse-2002  theory-of-computation  easy  closure-property
10.1.4,C,gatecse-2013  theory-of-computation  normal  closure-property
10.1.5,D,gatecse-2016-set2  theory-of-computation  regular-language  context-free-language  closure-property  normal
10.1.6,B,gatecse-2017-set2  theory-of-computation  closure-property
10.1.7,B,gatecse-2018  theory-of-computation  closure-property  easy  1-mark
10.1.8,D,gateit-2006  theory-of-computation  closure-property  easy
10.2.2,A;D,gate1992  context-free-language  theory-of-computation  normal  multiple-selects
10.2.3,A,gate1995  theory-of-computation  easy  context-free-language
10.2.4,B,gate1996  theory-of-computation  context-free-language  easy
10.2.5,B,gate1996  theory-of-computation  context-free-language  normal
10.2.6,B,gate1999  theory-of-computation  context-free-language  easy
10.2.7,N/A,gate1999  theory-of-computation  context-free-language  normal  proof
10.2.8,N/A,gatecse-2000  theory-of-computation  descriptive  regular-language  context-free-language
10.2.9,B,gatecse-2001  theory-of-computation  context-free-language  easy
10.2.10,C,gatecse-2003  theory-of-computation  context-free-language  normal
10.2.11,B,
10.2.12,D,gatecse-2006  theory-of-computation  context-free-language  normal
10.2.13,B,gatecse-2009  theory-of-computation  context-free-language  easy  isro2016
10.2.14,B,gatecse-2015-set3  theory-of-computation  context-free-language  normal
10.2.15,D,gatecse-2016-set1  theory-of-computation  context-free-language  normal
10.2.16,D,gatecse-2016-set1  theory-of-computation  context-free-language  normal
10.2.17,B,gatecse-2016-set2  theory-of-computation  context-free-language  normal
10.2.18,B,gatecse-2017-set1  theory-of-computation  context-free-language  normal
10.2.19,D,gatecse-2017-set1  theory-of-computation  context-free-language  normal
10.2.20,A,gatecse-2017-set1  theory-of-computation  context-free-language  normal
10.2.21,C,gatecse-2017-set2  theory-of-computation  context-free-language
10.2.22,C,gatecse-2019  theory-of-computation  context-free-language  2-marks
10.2.23,C,gatecse-2021-set1  context-free-language  theory-of-computation  1-mark
10.2.24,B;C;D,gatecse-2021-set2  multiple-selects  theory-of-computation  context-free-language  2-marks
10.2.25,B;C;D,gatecse-2022  theory-of-computation  context-free-language  multiple-selects  2-marks
10.2.26,B,gatecse-2023  theory-of-computation  context-free-language  2-marks
10.2.27,B,gateit-2006  theory-of-computation  context-free-language  normal
10.2.28,B,gateit-2006  theory-of-computation  context-free-language  easy
10.2.29,A,gateit-2007  theory-of-computation  normal  context-free-language
10.2.30,C,gateit-2007  theory-of-computation  context-free-language  normal
10.2.31,D,gateit-2007  theory-of-computation  context-free-language  normal
10.2.32,B,gateit-2008  theory-of-computation  context-free-language  normal
10.3.1,B,gate1997  theory-of-computation  normal  countable-uncountable-set
10.3.2,C,gatecse-2014-set3  theory-of-computation  normal  countable-uncountable-set
10.3.3,B,gatecse-2019  theory-of-computation  countable-uncountable-set  2-marks
10.4.3,N/A,gate1988  theory-of-computation  descriptive  decidability  turing-machine
10.4.4,B;D,
10.4.5,B;C,gate1990  normal  theory-of-computation  decidability  multiple-selects
10.4.6,N/A,gate1995  theory-of-computation  normal  decidability  proof  descriptive
10.4.7,D,gate1996  theory-of-computation  decidability  easy
10.4.8,B,gate1997  theory-of-computation  decidability  easy
10.4.9,N/A,gate1999  theory-of-computation  descriptive  decidability
10.4.10,A,gatecse-2000  theory-of-computation  decidability  normal
10.4.11,B,gatecse-2001  theory-of-computation  decidability  normal
10.4.12,N/A,gatecse-2001  theory-of-computation  decidability  turing-machine  easy  descriptive
10.4.13,N/A,gatecse-2002  theory-of-computation  decidability  normal  turing-machine  descriptive  difficult
10.4.14,C,gatecse-2003  theory-of-computation  normal  decidability
10.4.15,A,gatecse-2003  theory-of-computation  decidability  normal
10.4.16,B,gatecse-2007  theory-of-computation  decidability  normal
10.4.17,B,gatecse-2008  theory-of-computation  decidability  easy
10.4.18,D,gatecse-2012  theory-of-computation  decidability  normal
10.4.19,D,gatecse-2013  theory-of-computation  decidability  normal
10.4.20,A,gatecse-2014-set3  theory-of-computation  context-free-language  decidability  normal
10.4.21,D,gatecse-2015-set2  theory-of-computation  decidability  easy
10.4.22,C,gatecse-2015-set3  theory-of-computation  decidability  normal
10.4.23,C,gatecse-2016-set1  theory-of-computation  decidability  easy
10.4.24,A,gatecse-2017-set1  theory-of-computation  decidability  difficult
10.4.25,D,gatecse-2017-set2  theory-of-computation  decidability
10.4.26,D,gatecse-2018  theory-of-computation  decidability  easy  2-marks
10.4.27,A,gatecse-2020  theory-of-computation  decidability  2-marks
10.4.28,C,gatecse-2021-set2  theory-of-computation  regular-language  decidability  2-marks
10.4.29,A;B;C,gatecse-2022  theory-of-computation  turing-machine  decidability  multiple-selects  2-marks
10.5.1,N/A,gate1988  descriptive  theory-of-computation  finite-automata  difficult
10.5.2,N/A,gate1991  theory-of-computation  finite-automata  normal  descriptive
10.5.3,N/A,gate1993  theory-of-computation  finite-automata  easy  descriptive
10.5.4,N/A,gate1996  theory-of-computation  finite-automata  normal  descriptive
10.5.5,N/A,gate1997  theory-of-computation  finite-automata  proof
10.5.6,A,gate1998  theory-of-computation  finite-automata  normal
10.5.7,N/A,gatecse-2001  theory-of-computation  easy  descriptive  finite-automata  normal
10.5.8,A,gatecse-2002  theory-of-computation  normal  finite-automata
10.5.9,N/A,gatecse-2002  theory-of-computation  finite-automata  normal  descriptive
10.5.10,C,gatecse-2003  theory-of-computation  finite-automata  normal
10.5.11,B,gatecse-2003  theory-of-computation  finite-automata  normal
10.5.12,A,gatecse-2004  theory-of-computation  finite-automata  easy
10.5.13,B,gatecse-2005  theory-of-computation  finite-automata  normal
10.5.14,B,gatecse-2005  theory-of-computation  finite-automata  easy
10.5.15,C,gatecse-2007  theory-of-computation  finite-automata  normal
10.5.16,A,gatecse-2008  normal  theory-of-computation  finite-automata
10.5.17,C,gatecse-2008  theory-of-computation  finite-automata  normal
10.5.18,C,gatecse-2009  theory-of-computation  finite-automata  easy
10.5.19,B,gatecse-2012  finite-automata  easy  theory-of-computation
10.5.20,D,gatecse-2012  theory-of-computation  finite-automata  normal
10.5.21,D,gatecse-2013  theory-of-computation  finite-automata  normal
10.5.22,A,gatecse-2014-set1  theory-of-computation  finite-automata  easy
10.5.23,B,gatecse-2016-set2  theory-of-computation  finite-automata  normal
10.5.24,C,gatecse-2017-set2  theory-of-computation  finite-automata
10.5.25,D,gatecse-2021-set1  theory-of-computation  finite-automata  2-marks
10.5.26,256 : 256,gatecse-2021-set2  numerical-answers  theory-of-computation  finite-automata  1-mark
10.5.27,B,gatecse-2021-set2  theory-of-computation  finite-automata  2-marks
10.5.28,B;C,gatecse2024-set1  multiple-selects  theory-of-computation  finite-automata
10.5.29,A,gatecse2024-set2  theory-of-computation  finite-automata
10.5.30,B,gatecse2024-set2  theory-of-computation  finite-automata
10.5.31,B,gateit-2004  theory-of-computation  finite-automata  normal
10.5.32,A,gateit-2005  theory-of-computation  finite-automata  normal
10.5.33,B,gateit-2005  theory-of-computation  finite-automata  normal
10.5.34,D,gateit-2006  theory-of-computation  finite-automata  easy
10.5.35,A,gateit-2006  theory-of-computation  finite-automata  normal
10.5.36,D,gateit-2007  theory-of-computation  finite-automata  normal
10.5.37,A,gateit-2007  theory-of-computation  finite-automata  normal
10.5.38,A,gateit-2007  theory-of-computation  finite-automata  normal
10.5.39,A,gateit-2007  theory-of-computation  finite-automata  normal
10.5.40,A,gateit-2008  theory-of-computation  finite-automata  normal
10.5.41,A,gateit-2008  theory-of-computation  finite-automata  normal
10.6.1,C,gate1987  theory-of-computation  identify-class-language
10.6.2,N/A,gate1988  normal  descriptive  theory-of-computation  identify-class-language
10.6.3,N/A,gate1991  theory-of-computation  descriptive  identify-class-language  proof
10.6.4,N/A,gate1994  theory-of-computation  identify-class-language  normal  descriptive
10.6.5,A;C,gate1999  theory-of-computation  identify-class-language  normal  multiple-selects
10.6.6,B,gatecse-2000  theory-of-computation  easy  identify-class-language
10.6.7,B,gatecse-2002  theory-of-computation  easy  identify-class-language
10.6.8,B,gatecse-2004  theory-of-computation  normal  identify-class-language
10.6.9,A,gatecse-2005  theory-of-computation  identify-class-language  normal
10.6.10,D,gatecse-2006  theory-of-computation  normal  identify-class-language
10.6.11,B,gatecse-2006  theory-of-computation  normal  identify-class-language
10.6.12,B,gatecse-2007  theory-of-computation  normal  identify-class-language
10.6.13,C,gatecse-2008  normal  theory-of-computation  identify-class-language  match-the-following
10.6.14,D,gatecse-2008  theory-of-computation  easy  identify-class-language
10.6.15,C,gatecse-2009  theory-of-computation  easy  identify-class-language
10.6.16,D,gatecse-2010  theory-of-computation  context-free-language  identify-class-language  normal
10.6.17,C,gatecse-2011  theory-of-computation  identify-class-language  normal
10.6.18,D,gatecse-2013  theory-of-computation  identify-class-language  normal
10.6.19,C,gatecse-2014-set3  theory-of-computation  identify-class-language  context-free-language  normal
10.6.20,B,gatecse-2017-set1  theory-of-computation  context-free-language  identify-class-language  normal
10.6.21,D,gatecse-2017-set2  theory-of-computation  identify-class-language
10.6.22,B,gatecse-2018  theory-of-computation  identify-class-language  context-free-language  normal  2-marks
10.6.23,C,
10.6.24,A,gatecse-2020  theory-of-computation  identify-class-language  2-marks
10.6.25,B;C;D,gatecse-2021-set2  multiple-selects  theory-of-computation  identify-class-language  1-mark
10.6.26,B;C;D,gatecse-2022  theory-of-computation  identify-class-language  recursive-and-recursively-enumerable-languages  multiple-selects  1-mark
10.6.27,A;B;C,gatecse-2022  theory-of-computation  identify-class-language  context-free-language  multiple-selects  2-marks
10.6.28,A;C;D,gatecse-2023  theory-of-computation  identify-class-language  multiple-selects  1-mark
10.6.29,D,gateit-2005  theory-of-computation  normal  identify-class-language
10.6.30,A,gateit-2005  theory-of-computation  easy  identify-class-language
10.6.31,B,gateit-2008  theory-of-computation  normal  identify-class-language
10.7.1,0,gate1987  theory-of-computation  finite-automata  minimal-state-automata
10.7.2,N/A,gate1997  theory-of-computation  finite-automata  normal  minimal-state-automata  descriptive
10.7.3,N/A,gate1997  theory-of-computation  minimal-state-automata  descriptive
10.7.4,B,gate1998  theory-of-computation  finite-automata  normal  minimal-state-automata
10.7.5,N/A,gate1998  theory-of-computation  finite-automata  normal  minimal-state-automata  descriptive
10.7.6,B,gate1999  theory-of-computation  finite-automata  easy  minimal-state-automata
10.7.7,B,gatecse-2001  finite-automata  theory-of-computation  easy  minimal-state-automata
10.7.8,D,gatecse-2001  theory-of-computation  finite-automata  minimal-state-automata
10.7.9,B,gatecse-2002  theory-of-computation  normal  finite-automata  minimal-state-automata
10.7.10,D,gatecse-2006  theory-of-computation  finite-automata  normal  minimal-state-automata
10.7.11,A,gatecse-2007  theory-of-computation  finite-automata  normal  minimal-state-automata
10.7.12,B,normal  gatecse-2007  theory-of-computation  finite-automata  minimal-state-automata
10.7.13,C,gatecse-2010  theory-of-computation  finite-automata  normal  minimal-state-automata
10.7.14,B,gatecse-2011  theory-of-computation  finite-automata  normal  minimal-state-automata
10.7.15,A,gatecse-2011  theory-of-computation  finite-automata  easy  minimal-state-automata
10.7.16,1,gatecse-2015-set1  theory-of-computation  finite-automata  easy  numerical-answers  minimal-state-automata
10.7.17,3,gatecse-2015-set2  theory-of-computation  finite-automata  normal  numerical-answers  minimal-state-automata
10.7.18,B,gatecse-2015-set3  theory-of-computation  finite-automata  normal  minimal-state-automata
10.7.19,2,gatecse-2016-set2  theory-of-computation  finite-automata  normal  numerical-answers  minimal-state-automata
10.7.20,4,gatecse-2017-set1  theory-of-computation  finite-automata  numerical-answers  minimal-state-automata
10.7.21,8,theory-of-computation  gatecse-2017-set2  finite-automata  numerical-answers  minimal-state-automata
10.7.22,D,gatecse-2018  theory-of-computation  minimal-state-automata  normal  1-mark
10.7.23,120,gatecse-2019  numerical-answers  theory-of-computation  finite-automata  minimal-state-automata  difficult  2-marks
10.7.24,4,gatecse-2023  theory-of-computation  minimal-state-automata  numerical-answers  2-marks
10.7.25,A,gateit-2008  theory-of-computation  finite-automata  normal  minimal-state-automata
10.8.1,A;C,gate1992  theory-of-computation  easy  non-determinism  multiple-selects
10.8.2,C,gate1994  theory-of-computation  easy  non-determinism
10.8.3,B,gate1998  theory-of-computation  easy  non-determinism
10.8.4,D,gatecse-2005  theory-of-computation  easy  non-determinism
10.8.5,B,gatecse-2011  theory-of-computation  easy  non-determinism
10.8.6,C,gateit-2004  theory-of-computation  easy  non-determinism
10.9.1,D,gatecse-2019  theory-of-computation  pumping-lemma  1-mark
10.9.2,D,gateit-2005  theory-of-computation  pumping-lemma  easy
10.10.1,N/A,gate1996  theory-of-computation  pushdown-automata  normal  descriptive
10.10.2,A,gate1997  theory-of-computation  pushdown-automata  easy
10.10.3,N/A,gate1998  theory-of-computation  pushdown-automata  descriptive
10.10.4,A,normal  theory-of-computation  gate1999  pushdown-automata
10.10.5,N/A,gatecse-2000  theory-of-computation  descriptive  pushdown-automata
10.10.6,N/A,gatecse-2001  theory-of-computation  normal  pushdown-automata  descriptive
10.10.7,D,gatecse-2009  theory-of-computation  easy  isro2017  pushdown-automata
10.10.8,B,gatecse-2015-set1  theory-of-computation  pushdown-automata  normal
10.10.9,D,gatecse-2016-set1  theory-of-computation  pushdown-automata  normal
10.10.10,50 : 50,gatecse-2021-set1  theory-of-computation  pushdown-automata  numerical-answers  2-marks
10.10.11,A,gatecse-2023  theory-of-computation  pushdown-automata  2-marks
10.10.12,B,gateit-2004  theory-of-computation  pushdown-automata  normal
10.10.13,D,gateit-2005  theory-of-computation  pushdown-automata  normal
10.10.14,B,gateit-2006  theory-of-computation  pushdown-automata  normal
10.10.15,C,gateit-2006  theory-of-computation  pushdown-automata  normal
10.11.1,A;D,gate1990  normal  theory-of-computation  turing-machine  recursive-and-recursively-enumerable-languages  multiple-selects
10.11.2,A,gatecse-2003  theory-of-computation  normal  recursive-and-recursively-enumerable-languages
10.11.3,D,theory-of-computation  gatecse-2003  normal  recursive-and-recursively-enumerable-languages
10.11.4,D,theory-of-computation  recursive-and-recursively-enumerable-languages  gatecse-2003  difficult
10.11.5,A,gatecse-2004  theory-of-computation  recursive-and-recursively-enumerable-languages  difficult
10.11.6,B,gatecse-2005  theory-of-computation  recursive-and-recursively-enumerable-languages  easy
10.11.7,D,gatecse-2008  theory-of-computation  easy  isro2016  recursive-and-recursively-enumerable-languages
10.11.8,D,gatecse-2008  theory-of-computation  easy  recursive-and-recursively-enumerable-languages
10.11.9,B,gatecse-2010  theory-of-computation  recursive-and-recursively-enumerable-languages  decidability  normal
10.11.10,C,gatecse-2014-set1  theory-of-computation  easy  recursive-and-recursively-enumerable-languages
10.11.11,D,gatecse-2014-set2  theory-of-computation  recursive-and-recursively-enumerable-languages  normal
10.11.12,B,gatecse-2014-set2  theory-of-computation  recursive-and-recursively-enumerable-languages  normal
10.11.13,D,gatecse-2015-set1  theory-of-computation  recursive-and-recursively-enumerable-languages  normal
10.11.14,C,gatecse-2016-set2  theory-of-computation  recursive-and-recursively-enumerable-languages
10.11.15,D,gatecse-2021-set1  multiple-selects  theory-of-computation  recursive-and-recursively-enumerable-languages  1-mark
10.11.16,A,gatecse-2021-set1  theory-of-computation  recursive-and-recursively-enumerable-languages  decidability  easy  2-marks
10.12.1,C,gatecse-2005  theory-of-computation  decidability  normal  reduction
10.12.2,C,gatecse-2016-set1  theory-of-computation  easy  recursive-and-recursively-enumerable-languages  reduction
10.13.1,N/A,gate1987  theory-of-computation  regular-expression  descriptive
10.13.2,A;C,gate1991  theory-of-computation  regular-expression  normal  multiple-selects
10.13.3,A,gate1992  theory-of-computation  regular-expression  easy  multiple-selects
10.13.4,N/A,gate1994  theory-of-computation  finite-automata  regular-expression  easy  fill-in-the-blanks
10.13.5,C,gate1995  theory-of-computation  regular-expression  easy  isro2017
10.13.6,C,gate1996  theory-of-computation  regular-expression  easy
10.13.7,D,gate1997  theory-of-computation  regular-expression  normal
10.13.8,C;D,gate1998  theory-of-computation  regular-expression  easy  multiple-selects
10.13.9,D,gate1998  theory-of-computation  regular-expression  normal
10.13.10,N/A,gate1998  theory-of-computation  regular-expression  easy  descriptive
10.13.11,C,
10.13.12,A,gatecse-2003  theory-of-computation  regular-expression  easy
10.13.13,C,gatecse-2009  theory-of-computation  regular-expression  easy
10.13.14,B,gatecse-2010  theory-of-computation  regular-expression  normal
10.13.15,B,gatecse-2014-set1  theory-of-computation  regular-expression  finite-automata  easy
10.13.16,3,gatecse-2014-set3  theory-of-computation  regular-expression  numerical-answers  easy
10.13.17,B,gatecse-2016-set1  theory-of-computation  regular-expression  normal
10.13.18,X,gatecse-2020  regular-expression  normal  theory-of-computation  1-mark
10.13.19,A;B;C,gatecse-2021-set2  multiple-selects  theory-of-computation  regular-expression  2-marks
10.13.20,D,gatecse-2022  theory-of-computation  finite-automata  regular-expression  1-mark
10.13.21,C,gatecse-2023  theory-of-computation  regular-expression  1-mark
10.13.22,C,gatecse-2023  theory-of-computation  regular-expression  1-mark
10.13.23,44,gatecse2024-set1  numerical-answers  theory-of-computation  regular-expression
10.13.24,15,gatecse2024-set2  numerical-answers  theory-of-computation  regular-expression
10.13.25,C,gateit-2004  theory-of-computation  regular-expression  normal
10.13.26,B,gateit-2005  theory-of-computation  regular-expression  easy
10.13.27,A,gateit-2006  theory-of-computation  regular-expression  normal
10.13.28,C,gateit-2007  theory-of-computation  regular-expression  normal
10.13.29,C,gateit-2008  theory-of-computation  regular-expression  easy
10.14.1,N/A,gate1990  descriptive  theory-of-computation  regular-language  regular-grammar
10.14.2,C,gatecse-2015-set2  theory-of-computation  regular-grammar  normal
10.14.3,A,gateit-2006  theory-of-computation  normal  regular-grammar
10.15.3,B;C,gate1990  normal  theory-of-computation  regular-language  multiple-selects
10.15.4,D,gate1991  theory-of-computation  easy  regular-language  multiple-selects
10.15.5,C,gate1995  theory-of-computation  easy  regular-language
10.15.6,D,gate1996  theory-of-computation  normal  regular-language
10.15.7,B,gate1998  theory-of-computation  easy  regular-language
10.15.8,N/A,gate1999  theory-of-computation  normal  regular-language  descriptive
10.15.9,X,gatecse-2000  theory-of-computation  easy  regular-language
10.15.10,A,gatecse-2001  theory-of-computation  easy  regular-language
10.15.11,D,gatecse-2001  theory-of-computation  normal  regular-language
10.15.12,C,gatecse-2006  theory-of-computation  normal  regular-language
10.15.13,C,gatecse-2007  theory-of-computation  normal  regular-language
10.15.14,B,gatecse-2007  theory-of-computation  easy  regular-language
10.15.15,A,gatecse-2008  theory-of-computation  normal  regular-language
10.15.16,C,gatecse-2011  theory-of-computation  easy  regular-language
10.15.17,C,gatecse-2012  theory-of-computation  easy  regular-language
10.15.18,A,gatecse-2013  theory-of-computation  normal  regular-language
10.15.19,C,gatecse-2014-set1  theory-of-computation  regular-language  normal
10.15.20,A,gatecse-2014-set2  theory-of-computation  normal  regular-language
10.15.21,A,gatecse-2014-set2  theory-of-computation  normal  regular-language
10.15.22,A,gatecse-2015-set2  theory-of-computation  normal  regular-language
10.15.23,C,gatecse-2016-set2  theory-of-computation  easy  regular-language
10.15.24,2,gatecse-2018  theory-of-computation  numerical-answers  regular-language  2-marks
10.15.25,B,gatecse-2019  theory-of-computation  regular-language  1-mark
10.15.26,6,gatecse-2020  numerical-answers  theory-of-computation  regular-language  2-marks
10.15.27,D,gatecse-2020  theory-of-computation  regular-language  1-mark
10.15.28,C,gatecse-2021-set2  theory-of-computation  finite-automata  regular-language  1-mark
10.15.29,C;D,gatecse2024-set1  multiple-selects  theory-of-computation  regular-language
10.15.30,C,gateit-2006  theory-of-computation  easy  regular-language
10.15.31,B,gateit-2006  theory-of-computation  normal  regular-language
10.15.32,A,gateit-2006  theory-of-computation  normal  regular-language
10.15.33,D,gateit-2008  theory-of-computation  normal  regular-language
2.3.3,N/A,gate-1990  true-false  co-and-architecture  cache-memory  descriptive
2.3.53,N/A,gatecse-2020  numerical-answers  co-and-architecture  cache-memory  1-mark
2.3.55,N/A,gatecse-2021-set1  co-and-architecture  cache-memory  numerical-answers  1-mark
2.4.5,N/A,gatecse-2021-set2  numerical-answers  co-and-architecture  dma  1-mark
2.7.1,N/A,gate1987  co-and-architecture  interrupts  io-handling  true-false
2.7.2,N/A,gate1987  co-and-architecture  io-handling  true-false
2.7.3,N/A,gate1990  true-false  co-and-architecture  io-handling  interrupts
2.8.1,N/A,gate1990  true-false  co-and-architecture  instruction-execution
2.9.3,N/A,gate1994  co-and-architecture  machine-instruction  instruction-format  normal  true-false
2.14.20,N/A,gatecse-2014-set3  co-and-architecture  pipelining  numerical-answers  normal
2.14.25,N/A,gatecse-2016-set1  co-and-architecture  pipelining  normal  numerical-answers
2.14.27,N/A,gatecse-2017-set1  co-and-architecture  pipelining  normal  numerical-answers
2.14.29,N/A,gatecse-2020  numerical-answers  co-and-architecture  pipelining  2-marks
2.14.30,N/A,gatecse-2021-set1  co-and-architecture  pipelining  numerical-answers  2-marks
2.14.32,N/A,gatecse-2022  numerical-answers  co-and-architecture  pipelining  stall  2-marks
3.1.2,N/A,gate1992  compiler-design  assembler  easy
3.1.5,N/A,gate1994  compiler-design  normal  assembler  true-false  descriptive
3.1.7,N/A,gate1994  compiler-design  normal  assembler  true-false  descriptive
3.1.8,N/A,gate1994  compiler-design  normal  assembler  true-false  descriptive
3.17.5,N/A,gate1990  true-false  compiler-design  runtime-environment
5.4.1,N/A,gate1994  databases  normal  database-design  true-false
5.5.1,N/A,gate1987  databases  database-normalization  true-false
5.5.8,N/A,gate1994  databases  database-normalization  easy  true-false
5.5.48,N/A,gateda-sample-paper-2024  database-normalization
5.16.43,N/A,gatecse-2021-set1  databases  sql  numerical-answers  1-mark
6.12.1,N/A,gate1994  digital-logic  normal  true-false  finite-state-machines
8.5.1,N/A,gate1987  binary-tree  data-structures  normal  true-false
8.5.2,N/A,gate1987  data-structures  binary-tree  true-false
10.2.1,N/A,gate1987  theory-of-computation  context-free-language  true-false
10.4.1,N/A,gate1987  theory-of-computation  turing-machine  decidability  true-false
10.4.2,N/A,gate1987  theory-of-computation  turing-machine  decidability  true-false
10.15.1,N/A,gate1987  theory-of-computation  regular-language  true-false
10.15.2,N/A,gate1987  theory-of-computation  regular-language  true-false
